-- phpMyAdmin SQL Dump
-- version 4.9.5
-- https://www.phpmyadmin.net/
--
-- Host: 127.0.0.1:3306
-- Generation Time: May 06, 2021 at 03:14 PM
-- Server version: 10.4.17-MariaDB-cll-lve
-- PHP Version: 7.2.34

SET SQL_MODE = "NO_AUTO_VALUE_ON_ZERO";
SET AUTOCOMMIT = 0;
START TRANSACTION;
SET time_zone = "+00:00";


/*!40101 SET @OLD_CHARACTER_SET_CLIENT=@@CHARACTER_SET_CLIENT */;
/*!40101 SET @OLD_CHARACTER_SET_RESULTS=@@CHARACTER_SET_RESULTS */;
/*!40101 SET @OLD_COLLATION_CONNECTION=@@COLLATION_CONNECTION */;
/*!40101 SET NAMES utf8mb4 */;

--
-- Database: `u271274439_vijaysbmi`
--

-- --------------------------------------------------------

--
-- Table structure for table `addblog`
--

CREATE TABLE `addblog` (
  `id` bigint(20) UNSIGNED NOT NULL,
  `postName` varchar(255) COLLATE utf8mb4_unicode_ci DEFAULT NULL,
  `postDetail` varchar(255) COLLATE utf8mb4_unicode_ci DEFAULT NULL,
  `postBy` varchar(255) COLLATE utf8mb4_unicode_ci DEFAULT NULL,
  `imgg` varchar(255) COLLATE utf8mb4_unicode_ci NOT NULL DEFAULT '1',
  `created_at` timestamp NULL DEFAULT NULL,
  `updated_at` timestamp NULL DEFAULT NULL
) ENGINE=InnoDB DEFAULT CHARSET=utf8mb4 COLLATE=utf8mb4_unicode_ci;

--
-- Dumping data for table `addblog`
--

INSERT INTO `addblog` (`id`, `postName`, `postDetail`, `postBy`, `imgg`, `created_at`, `updated_at`) VALUES
(2, 'More than healthy', 'There is potential for the NHS to have a greater and more wide-ranging role in tackling poverty. Our new report draws on perspectives from across a range of sectors to consider the steps the NHS can take to achieve this.', 'Admin', '1', NULL, NULL),
(3, 'The role of the NHS', 'Despite all the pressures, the NHS remains, and will continue to remain, a massive economic and social entity. Are we making the most of this enormous power?\r\nThumbnail', 'Admin', '1', NULL, NULL);

-- --------------------------------------------------------

--
-- Table structure for table `addcart`
--

CREATE TABLE `addcart` (
  `id` bigint(20) UNSIGNED NOT NULL,
  `userId` varchar(255) COLLATE utf8mb4_unicode_ci DEFAULT NULL,
  `categoryId` varchar(255) COLLATE utf8mb4_unicode_ci DEFAULT NULL,
  `subCategoryId` varchar(255) COLLATE utf8mb4_unicode_ci DEFAULT NULL,
  `productId` varchar(255) COLLATE utf8mb4_unicode_ci DEFAULT NULL,
  `quantity` varchar(255) COLLATE utf8mb4_unicode_ci DEFAULT NULL,
  `units` varchar(255) COLLATE utf8mb4_unicode_ci DEFAULT NULL,
  `productPrice` varchar(255) COLLATE utf8mb4_unicode_ci DEFAULT NULL,
  `status` varchar(255) COLLATE utf8mb4_unicode_ci DEFAULT 'pending',
  `shippingCharges` varchar(255) COLLATE utf8mb4_unicode_ci DEFAULT NULL,
  `paymentMode` varchar(255) COLLATE utf8mb4_unicode_ci DEFAULT NULL,
  `address` varchar(255) COLLATE utf8mb4_unicode_ci DEFAULT NULL,
  `deliveryStatus` varchar(255) COLLATE utf8mb4_unicode_ci NOT NULL DEFAULT 'pending',
  `created_at` timestamp NULL DEFAULT NULL,
  `updated_at` timestamp NULL DEFAULT NULL
) ENGINE=InnoDB DEFAULT CHARSET=utf8mb4 COLLATE=utf8mb4_unicode_ci;

--
-- Dumping data for table `addcart`
--

INSERT INTO `addcart` (`id`, `userId`, `categoryId`, `subCategoryId`, `productId`, `quantity`, `units`, `productPrice`, `status`, `shippingCharges`, `paymentMode`, `address`, `deliveryStatus`, `created_at`, `updated_at`) VALUES
(147, '90', '6', 'NN', '12', '0', 'Grams', '3450', 'pending', NULL, NULL, NULL, 'pending', '2021-04-09 06:32:29', '2021-04-09 06:32:29'),
(148, '90', '9', 'cough syrup', '13', '1', 'Kgs', '450', 'pending', NULL, NULL, NULL, 'pending', '2021-04-09 08:17:28', '2021-04-09 08:17:28'),
(149, '40', '6', 'NN', '12', '0', 'Grams', '0', 'pending', NULL, NULL, NULL, 'pending', '2021-04-12 06:08:53', '2021-04-12 06:08:53'),
(150, '84', '6', 'NN', '12', '0', 'Grams', '100', 'pending', NULL, NULL, NULL, 'pending', '2021-04-14 06:10:07', '2021-04-14 06:10:07'),
(151, '90', '8', 'cough tablets', '14', '2', 'Kgs', '360', 'pending', NULL, NULL, NULL, 'pending', '2021-04-14 07:22:10', '2021-04-14 07:22:10'),
(152, '84', '9', 'cough syrup', '13', '0', 'Kgs', '400', 'pending', NULL, NULL, NULL, 'pending', '2021-04-14 09:09:59', '2021-04-14 09:09:59'),
(153, '84', '8', 'cough tablets', '14', '2', 'Kgs', '320', 'pending', NULL, NULL, NULL, 'pending', '2021-04-14 09:26:28', '2021-04-14 09:26:28'),
(154, '87', '6', 'NN', '12', '0', 'Grams', '0', 'pending', NULL, NULL, NULL, 'pending', '2021-04-29 16:36:35', '2021-04-29 16:36:35'),
(155, '87', '9', 'cough syrup', '13', '1', 'Kgs', '50', 'pending', NULL, NULL, NULL, 'pending', '2021-04-29 16:36:44', '2021-04-29 16:36:44'),
(156, '110', '6', 'NN', '12', '0', 'Grams', '1350', 'pending', NULL, NULL, NULL, 'pending', '2021-05-01 05:07:53', '2021-05-01 05:07:53'),
(157, '110', '9', 'cough syrup', '13', '1', 'Kgs', '350', 'pending', NULL, NULL, NULL, 'pending', '2021-05-01 05:07:56', '2021-05-01 05:07:56');

-- --------------------------------------------------------

--
-- Table structure for table `addfaq`
--

CREATE TABLE `addfaq` (
  `id` bigint(20) UNSIGNED NOT NULL,
  `faqName` varchar(255) COLLATE utf8mb4_unicode_ci DEFAULT NULL,
  `faqDetail` varchar(255) COLLATE utf8mb4_unicode_ci DEFAULT NULL,
  `created_at` timestamp NULL DEFAULT NULL,
  `updated_at` timestamp NULL DEFAULT NULL
) ENGINE=InnoDB DEFAULT CHARSET=utf8mb4 COLLATE=utf8mb4_unicode_ci;

--
-- Dumping data for table `addfaq`
--

INSERT INTO `addfaq` (`id`, `faqName`, `faqDetail`, `created_at`, `updated_at`) VALUES
(1, 'Question First', 'sdfyuuijobhjjidsdbijosfk', NULL, NULL),
(2, 'Question Second', 's;dfuidiohdjpjddcsfkdjsfvkjdosjfkn', NULL, NULL);

-- --------------------------------------------------------

--
-- Table structure for table `aianswer`
--

CREATE TABLE `aianswer` (
  `id` bigint(20) UNSIGNED NOT NULL,
  `questionId` varchar(255) COLLATE utf8mb4_unicode_ci DEFAULT NULL,
  `aiAction` varchar(255) COLLATE utf8mb4_unicode_ci DEFAULT NULL,
  `aiAnswer` varchar(255) COLLATE utf8mb4_unicode_ci DEFAULT NULL,
  `created_at` timestamp NULL DEFAULT NULL,
  `updated_at` timestamp NULL DEFAULT NULL
) ENGINE=InnoDB DEFAULT CHARSET=utf8mb4 COLLATE=utf8mb4_unicode_ci;

--
-- Dumping data for table `aianswer`
--

INSERT INTO `aianswer` (`id`, `questionId`, `aiAction`, `aiAnswer`, `created_at`, `updated_at`) VALUES
(3, '9', 'submit', 'I love meeting new people and i am excited to get to know you', NULL, NULL),
(4, '10', 'submit', 'I love meeting new people and i am excited to get to know you', NULL, NULL),
(5, '11', 'text', 'Hi! Mr. that\'s a nice name', NULL, NULL);

-- --------------------------------------------------------

--
-- Table structure for table `aiquestion`
--

CREATE TABLE `aiquestion` (
  `id` bigint(20) UNSIGNED NOT NULL,
  `aiQuestion` varchar(255) COLLATE utf8mb4_unicode_ci DEFAULT NULL,
  `aiAction` varchar(255) COLLATE utf8mb4_unicode_ci DEFAULT NULL,
  `aiAnswer` varchar(255) COLLATE utf8mb4_unicode_ci DEFAULT NULL,
  `created_at` timestamp NULL DEFAULT NULL,
  `updated_at` timestamp NULL DEFAULT NULL
) ENGINE=InnoDB DEFAULT CHARSET=utf8mb4 COLLATE=utf8mb4_unicode_ci;

--
-- Dumping data for table `aiquestion`
--

INSERT INTO `aiquestion` (`id`, `aiQuestion`, `aiAction`, `aiAnswer`, `created_at`, `updated_at`) VALUES
(10, 'Hi! Tara', 'submit', 'I love meeting new people and i am excited to get to know you', NULL, NULL),
(11, 'How about we start by uou telling me your name', 'text', 'Hi! Mr. that\'s a nice name', NULL, NULL);

-- --------------------------------------------------------

--
-- Table structure for table `blogimage`
--

CREATE TABLE `blogimage` (
  `id` int(11) NOT NULL,
  `blogImage` varchar(255) COLLATE utf8mb4_unicode_ci DEFAULT NULL,
  `aa` varchar(255) COLLATE utf8mb4_unicode_ci DEFAULT NULL,
  `bb` varchar(255) COLLATE utf8mb4_unicode_ci DEFAULT NULL,
  `cc` varchar(255) COLLATE utf8mb4_unicode_ci DEFAULT NULL
) ENGINE=InnoDB DEFAULT CHARSET=utf8mb4 COLLATE=utf8mb4_unicode_ci;

--
-- Dumping data for table `blogimage`
--

INSERT INTO `blogimage` (`id`, `blogImage`, `aa`, `bb`, `cc`) VALUES
(1, 'http://tarawithyou.com/public/blogImage/images.jpeg', NULL, NULL, NULL);

-- --------------------------------------------------------

--
-- Table structure for table `bmi`
--

CREATE TABLE `bmi` (
  `id` bigint(20) UNSIGNED NOT NULL,
  `userId` varchar(255) COLLATE utf8mb4_unicode_ci DEFAULT NULL,
  `userAge` varchar(255) COLLATE utf8mb4_unicode_ci DEFAULT NULL,
  `userWeight` varchar(255) COLLATE utf8mb4_unicode_ci DEFAULT NULL,
  `userHeight` varchar(255) COLLATE utf8mb4_unicode_ci DEFAULT NULL,
  `userDob` varchar(255) COLLATE utf8mb4_unicode_ci DEFAULT NULL,
  `created_at` timestamp NULL DEFAULT NULL,
  `updated_at` timestamp NULL DEFAULT NULL
) ENGINE=InnoDB DEFAULT CHARSET=utf8mb4 COLLATE=utf8mb4_unicode_ci;

--
-- Dumping data for table `bmi`
--

INSERT INTO `bmi` (`id`, `userId`, `userAge`, `userWeight`, `userHeight`, `userDob`, `created_at`, `updated_at`) VALUES
(1, '40', '1', '80', '4:00 pm', '05/12/2000', '2021-02-25 07:04:23', '2021-02-25 07:04:23'),
(2, '40', '85', '20', 'Hyderabad', '12/12/2021', '2021-03-01 13:18:45', '2021-03-01 13:18:45'),
(3, '40', '85', '20', 'Hyderabad', '12/12/2021', '2021-03-01 13:19:28', '2021-03-01 13:19:28'),
(4, '40', '85', '20', 'Hyderabad', '08/09/2009', '2021-03-01 13:25:25', '2021-03-01 13:25:25'),
(5, '40', '85', '20', '168', '12/12/2021', '2021-03-01 13:32:15', '2021-03-01 13:32:15'),
(6, '40', '85', '20', '168', '12/12/2021', '2021-03-01 13:34:05', '2021-03-01 13:34:05'),
(7, '40', '85', '20', '168', '12/12/2021', '2021-03-01 13:37:56', '2021-03-01 13:37:56'),
(8, '40', '85', '20', '168', '12/12/2021', '2021-03-01 14:07:23', '2021-03-01 14:07:23'),
(9, '40', '18', '88', '167', '12/12/2021', '2021-03-01 14:19:10', '2021-03-01 14:19:10'),
(10, '40', '18', '82', '167', '12/12/2021', '2021-03-01 14:27:12', '2021-03-01 14:27:12'),
(11, '40', '18', '55', '185', '12/12/2021', '2021-03-02 06:19:03', '2021-03-02 06:19:03'),
(12, '40', '18', '82', '167', '12/12/2021', '2021-03-02 07:02:55', '2021-03-02 07:02:55'),
(13, '40', '18', '312', '654', '12/12/2021', '2021-03-02 07:04:51', '2021-03-02 07:04:51'),
(14, '40', '18', '456', '46658', '12/12/2021', '2021-03-02 07:06:50', '2021-03-02 07:06:50'),
(15, '40', '18', '123', '252', '12/12/2021', '2021-03-02 07:08:46', '2021-03-02 07:08:46'),
(16, '40', '18', '223', '222', '12/12/2021', '2021-03-02 07:11:56', '2021-03-02 07:11:56'),
(17, '40', '18', '123', '123', '12/12/2021', '2021-03-02 07:13:41', '2021-03-02 07:13:41'),
(18, '40', '18', '123', '222', '12/12/2021', '2021-03-02 07:15:46', '2021-03-02 07:15:46'),
(19, '40', '18', '123', '222', '12/12/2021', '2021-03-02 07:16:53', '2021-03-02 07:16:53'),
(20, '40', '18', '9856', '4512', '12/12/2021', '2021-03-02 07:18:00', '2021-03-02 07:18:00'),
(21, '40', '18', '12', '1', '12/12/2021', '2021-03-02 07:18:42', '2021-03-02 07:18:42'),
(22, '40', '18', '12', '1', '12/12/2021', '2021-03-02 07:18:43', '2021-03-02 07:18:43'),
(23, '40', '18', '21', '22', '12/12/2021', '2021-03-02 07:21:18', '2021-03-02 07:21:18'),
(24, '40', '18', '22', '22', '12/12/2021', '2021-03-02 07:22:32', '2021-03-02 07:22:32'),
(25, '40', '18', '22', '112', '12/12/2021', '2021-03-02 07:24:29', '2021-03-02 07:24:29'),
(26, '40', '18', '212', '222', '12/12/2021', '2021-03-02 07:25:34', '2021-03-02 07:25:34'),
(27, '40', '18', '222', '333', '12/12/2021', '2021-03-02 07:26:32', '2021-03-02 07:26:32'),
(28, '40', '18', '123', '222', '12/12/2021', '2021-03-02 07:27:22', '2021-03-02 07:27:22'),
(29, '40', '18', '222', '333', '12/12/2021', '2021-03-02 07:29:03', '2021-03-02 07:29:03'),
(30, '40', '18', '123', '123', '12/12/2021', '2021-03-02 07:30:36', '2021-03-02 07:30:36'),
(31, '40', '18', '222', '222', '12/12/2021', '2021-03-02 07:31:38', '2021-03-02 07:31:38'),
(32, '40', '18', '212', '222', '12/12/2021', '2021-03-02 07:32:58', '2021-03-02 07:32:58'),
(33, '40', '18', '123', '123', '12/12/2021', '2021-03-02 07:33:30', '2021-03-02 07:33:30'),
(34, '40', '18', '212', '212', '12/12/2021', '2021-03-02 07:34:50', '2021-03-02 07:34:50'),
(35, '40', '18', '222', '222', '12/12/2021', '2021-03-02 07:36:09', '2021-03-02 07:36:09'),
(36, '40', '18', '212', '212', '12/12/2021', '2021-03-02 07:38:29', '2021-03-02 07:38:29'),
(37, '40', '18', '222', '333', '12/12/2021', '2021-03-02 07:39:15', '2021-03-02 07:39:15'),
(38, '40', '18', '222', '333', '12/12/2021', '2021-03-02 07:40:30', '2021-03-02 07:40:30'),
(39, '40', '18', '231', '231', '12/12/2021', '2021-03-02 07:41:27', '2021-03-02 07:41:27'),
(40, '40', '18', '212', '212', '12/12/2021', '2021-03-02 07:42:08', '2021-03-02 07:42:08'),
(41, '40', '85', '20', '168', '12/12/2021', '2021-03-03 05:43:49', '2021-03-03 05:43:49'),
(42, '40', '23', '82', '167', '12/12/2021', '2021-03-03 10:42:41', '2021-03-03 10:42:41'),
(43, '40', '23', '82', '167', '12/12/2021', '2021-03-03 10:43:37', '2021-03-03 10:43:37'),
(44, '40', '11', '56', '160', '12/12/2021', '2021-03-03 10:46:58', '2021-03-03 10:46:58'),
(45, '40', '11', '11', '22', '12/12/2021', '2021-03-03 11:42:01', '2021-03-03 11:42:01'),
(46, '40', '11', '12', '22', '12/12/2021', '2021-03-03 11:43:16', '2021-03-03 11:43:16'),
(47, '40', '2', '77', '167', '12/12/2021', '2021-03-03 11:51:46', '2021-03-03 11:51:46'),
(48, '40', NULL, '88', '167', '12/12/2021', '2021-03-03 12:54:01', '2021-03-03 12:54:01'),
(49, '40', '13', '88', '167', '12/12/2021', '2021-03-03 12:56:12', '2021-03-03 12:56:12'),
(50, '40', '12', '88', '167', '12/12/2021', '2021-03-03 12:57:34', '2021-03-03 12:57:34'),
(51, '40', '16', '82', '167', '12/12/2021', '2021-03-03 12:58:41', '2021-03-03 12:58:41'),
(52, '40', '18', '82', '167', '12/12/2021', '2021-03-03 12:58:58', '2021-03-03 12:58:58'),
(53, '40', '23', '82', '167', '12/12/2021', '2021-03-04 06:10:11', '2021-03-04 06:10:11'),
(54, '40', '36', '22', '123', '12/12/2021', '2021-03-04 06:16:24', '2021-03-04 06:16:24'),
(55, '40', '35', '21', '222', '12/12/2021', '2021-03-04 06:17:47', '2021-03-04 06:17:47'),
(56, '40', '18', '11', '123', '12/12/2021', '2021-03-04 06:19:18', '2021-03-04 06:19:18'),
(57, '40', '25', '21', '222', '12/12/2021', '2021-03-04 06:20:40', '2021-03-04 06:20:40'),
(58, '40', '27', '22', '212', '12/12/2021', '2021-03-04 06:22:10', '2021-03-04 06:22:10'),
(59, '40', '32', '22', '123', '12/12/2021', '2021-03-04 06:24:35', '2021-03-04 06:24:35'),
(60, '40', '22', '21', '222', '12/12/2021', '2021-03-04 06:26:38', '2021-03-04 06:26:38'),
(61, '40', '22', '22', '123', '12/12/2021', '2021-03-04 06:28:03', '2021-03-04 06:28:03'),
(62, '40', '19', '22', '1213', '12/12/2021', '2021-03-04 06:29:14', '2021-03-04 06:29:14'),
(63, '40', '29', '21', '123', '12/12/2021', '2021-03-04 06:32:23', '2021-03-04 06:32:23'),
(64, '40', '25', '1232', '122', '12/12/2021', '2021-03-04 06:33:50', '2021-03-04 06:33:50'),
(65, '40', '22', '1223', '111', '12/12/2021', '2021-03-04 06:34:49', '2021-03-04 06:34:49'),
(66, '40', '24', '123', '123', '12/12/2021', '2021-03-05 06:07:38', '2021-03-05 06:07:38'),
(67, '40', '23', '123', '123', '12/12/2021', '2021-03-05 06:09:29', '2021-03-05 06:09:29'),
(68, '40', '23', '123', '123', '12/12/2021', '2021-03-05 06:53:53', '2021-03-05 06:53:53'),
(69, '40', '23', '82', '167', '12/12/2021', '2021-03-06 06:43:06', '2021-03-06 06:43:06'),
(70, '40', '23', '55', '155', '12/12/2021', '2021-03-08 09:52:27', '2021-03-08 09:52:27'),
(71, '40', '21', '55', '111', '12/12/2021', '2021-03-08 10:05:13', '2021-03-08 10:05:13'),
(72, '40', '20', '55', '123', '12/12/2021', '2021-03-09 05:41:25', '2021-03-09 05:41:25'),
(73, '40', '30', '55', '123', '12/12/2021', '2021-03-09 05:43:14', '2021-03-09 05:43:14'),
(74, '40', '37', '55', '123', '12/12/2021', '2021-03-17 09:24:05', '2021-03-17 09:24:05'),
(75, '40', '16', '55', '123', '12/12/2021', '2021-03-17 09:26:56', '2021-03-17 09:26:56'),
(76, '40', '0', '55', '123', '12/12/2021', '2021-03-17 09:28:02', '2021-03-17 09:28:02'),
(77, '40', '0', '55', '123', '12/12/2021', '2021-03-17 09:51:03', '2021-03-17 09:51:03'),
(78, '40', '24', '55', '123', '12/12/2021', '2021-03-17 09:52:46', '2021-03-17 09:52:46'),
(79, '40', '14', '55', '123', '12/12/2021', '2021-03-17 09:54:04', '2021-03-17 09:54:04'),
(80, '40', '26', '55', '2321', '12/12/2021', '2021-03-17 09:55:14', '2021-03-17 09:55:14'),
(81, '40', '19', '55', '123', '12/12/2021', '2021-03-17 09:56:17', '2021-03-17 09:56:17'),
(82, '40', '19', '55', '123', '12/12/2021', '2021-03-17 10:34:15', '2021-03-17 10:34:15'),
(83, '40', '46', '55', '123', '12/12/2021', '2021-03-17 10:35:12', '2021-03-17 10:35:12'),
(84, '40', '46', '55', '123', '12/12/2021', '2021-03-17 10:37:21', '2021-03-17 10:37:21'),
(85, '40', '46', '55', '123', '12/12/2021', '2021-03-17 10:37:48', '2021-03-17 10:37:48'),
(86, '40', '43', '55', '123', '12/12/2021', '2021-03-17 10:38:23', '2021-03-17 10:38:23'),
(87, '40', '0', '1', '1', '12/12/2021', '2021-03-17 10:42:50', '2021-03-17 10:42:50'),
(88, '40', '37', '5555', '55555', '12/12/2021', '2021-03-20 06:58:56', '2021-03-20 06:58:56'),
(89, '40', '2', '2', '2', '12/12/2021', '2021-03-20 07:03:58', '2021-03-20 07:03:58'),
(90, '40', '30', '55', '333', '12/12/2021', '2021-03-20 07:40:06', '2021-03-20 07:40:06'),
(91, '48', '100', '22', '1111', NULL, '2021-03-22 09:47:04', '2021-03-22 09:47:04'),
(92, '40', '11', '111', '111', '12/12/2021', '2021-03-22 11:03:36', '2021-03-22 11:03:36'),
(93, '40', '22', '88', '167', '12/12/2021', '2021-03-22 13:15:33', '2021-03-22 13:15:33'),
(94, '40', '22', '88', '167', '12/12/2021', '2021-03-22 13:16:00', '2021-03-22 13:16:00'),
(95, '40', '11', '211', '1111', '12/12/2021', '2021-03-22 13:46:48', '2021-03-22 13:46:48'),
(96, '50', '22', '88', '156', NULL, '2021-03-23 05:56:59', '2021-03-23 05:56:59'),
(97, '40', '22', '88', '165', '12/12/2021', '2021-03-24 10:22:35', '2021-03-24 10:22:35'),
(98, '40', '22', '88', '165', '12/12/2021', '2021-03-24 10:46:50', '2021-03-24 10:46:50'),
(99, '55', '21', '77', '157', NULL, '2021-03-24 12:07:03', '2021-03-24 12:07:03'),
(100, '40', '10', '88', '155', '12/12/2021', '2021-03-26 05:42:05', '2021-03-26 05:42:05'),
(101, '50', '0', '55', '123', NULL, '2021-03-27 06:14:32', '2021-03-27 06:14:32'),
(102, '40', '22', '52', '5.9', '12/12/2021', '2021-03-27 06:15:54', '2021-03-27 06:15:54'),
(103, '40', '22', '52', '5.9', '12/12/2021', '2021-03-27 06:17:58', '2021-03-27 06:17:58'),
(104, '40', '1', '7', '9', '12/12/2021', '2021-03-27 09:53:28', '2021-03-27 09:53:28'),
(105, '55', '23', '59', '153', NULL, '2021-03-27 13:51:43', '2021-03-27 13:51:43'),
(106, '40', '45', '4556', '4565', '12/12/2021', '2021-03-29 09:57:20', '2021-03-29 09:57:20'),
(107, '40', '25', '60', '150', '12/12/2021', '2021-03-29 09:57:50', '2021-03-29 09:57:50'),
(108, '40', '27', '55', '123', '12/12/2021', '2021-03-30 08:07:16', '2021-03-30 08:07:16'),
(109, '40', '27', '55', '222', '12/12/2021', '2021-03-30 08:14:28', '2021-03-30 08:14:28'),
(110, '55', '0', '2', '22', NULL, '2021-03-30 08:19:40', '2021-03-30 08:19:40'),
(111, '40', '27', '55', '222', '12/12/2021', '2021-03-30 08:20:00', '2021-03-30 08:20:00'),
(112, '40', '27', '55', '123', '12/12/2021', '2021-03-30 09:31:02', '2021-03-30 09:31:02'),
(113, '40', '27', '55', '123', '12/12/2021', '2021-03-30 09:35:37', '2021-03-30 09:35:37'),
(114, '40', '22', '60', '175', '12/12/2021', '2021-03-30 09:40:21', '2021-03-30 09:40:21'),
(115, '40', '21', '80', '200', '12/12/2021', '2021-03-30 09:42:31', '2021-03-30 09:42:31'),
(116, '40', '21', '100', '200', '12/12/2021', '2021-03-30 09:42:46', '2021-03-30 09:42:46'),
(117, '40', '0', '55', '123', '12/12/2021', '2021-03-30 13:08:42', '2021-03-30 13:08:42'),
(118, '55', '66', '55', '111', NULL, '2021-04-03 11:54:32', '2021-04-03 11:54:32'),
(119, '40', '0', '55', '123', '12/12/2021', '2021-04-03 12:55:31', '2021-04-03 12:55:31'),
(120, '40', '0', '55', '222', '12/12/2021', '2021-04-03 13:05:37', '2021-04-03 13:05:37'),
(121, '40', '0', '1', '1', '12/12/2021', '2021-04-03 13:22:08', '2021-04-03 13:22:08'),
(122, '40', '0', '2', '1', '12/12/2021', '2021-04-03 13:22:31', '2021-04-03 13:22:31'),
(123, '55', '0', '55', '123', NULL, '2021-04-05 04:38:19', '2021-04-05 04:38:19'),
(124, '50', '0', '88', '166', NULL, '2021-04-05 09:43:00', '2021-04-05 09:43:00');

-- --------------------------------------------------------

--
-- Table structure for table `bookappoinment`
--

CREATE TABLE `bookappoinment` (
  `id` bigint(20) UNSIGNED NOT NULL,
  `patientId` varchar(255) COLLATE utf8mb4_unicode_ci DEFAULT NULL,
  `userId` varchar(255) COLLATE utf8mb4_unicode_ci DEFAULT NULL,
  `doctorId` varchar(255) COLLATE utf8mb4_unicode_ci DEFAULT NULL,
  `appoinmentDate` varchar(255) COLLATE utf8mb4_unicode_ci DEFAULT NULL,
  `appoinmentTime` varchar(255) COLLATE utf8mb4_unicode_ci DEFAULT NULL,
  `typeoforder` varchar(255) COLLATE utf8mb4_unicode_ci DEFAULT NULL,
  `created_at` timestamp NULL DEFAULT NULL,
  `updated_at` timestamp NULL DEFAULT NULL
) ENGINE=InnoDB DEFAULT CHARSET=utf8mb4 COLLATE=utf8mb4_unicode_ci;

--
-- Dumping data for table `bookappoinment`
--

INSERT INTO `bookappoinment` (`id`, `patientId`, `userId`, `doctorId`, `appoinmentDate`, `appoinmentTime`, `typeoforder`, `created_at`, `updated_at`) VALUES
(29, 'Y1846', '40', '2', '2021-03-27T15:35:11.657+05:30', '2021-03-27T15:35:08.574+05:30', NULL, '2021-03-27 10:05:17', '2021-03-27 10:05:17'),
(30, 'Y3456', '40', '2', '2021-03-27T15:45:42.519+05:30', '2021-03-27T15:45:42.522+05:30', NULL, '2021-03-27 10:15:58', '2021-03-27 10:15:58'),
(31, 'Y1890', '40', '5', '2021-03-27T15:46:34.395+05:30', '2021-03-27T15:46:34.396+05:30', NULL, '2021-03-27 10:16:49', '2021-03-27 10:16:49'),
(32, 'Y2044', '40', '1', '20/12/2021', '4:00 pm', 'Reordered', '2021-03-27 10:19:53', '2021-03-27 10:19:53'),
(33, 'Y4796', '40', '2', '2021-03-27T17:36:16.078+05:30', '2021-03-27T17:36:16.079+05:30', NULL, '2021-03-27 12:06:26', '2021-03-27 12:06:26'),
(34, 'Y8984', '40', '3', '2021-03-27T17:37:54.842+05:30', '2021-03-27T17:37:54.843+05:30', NULL, '2021-03-27 12:08:01', '2021-03-27 12:08:01'),
(35, 'Y1335', '40', '1', '2021-03-29T13:33:33.438+05:30', '2021-03-29T13:33:33.440+05:30', NULL, '2021-03-29 08:03:39', '2021-03-29 08:03:39'),
(36, 'Y5504', '40', '1', '2021-03-30T12:49:46.929+05:30', '2021-03-30T12:49:46.931+05:30', NULL, '2021-03-30 07:20:00', '2021-03-30 07:20:00'),
(37, 'Y4548', '40', '1', '20/12/2021', '4:00 pm', 'Reordered', '2021-03-30 07:35:09', '2021-03-30 07:35:09'),
(38, 'Y8829', '40', '5', '13:05', '15:05', 'Reordered', '2021-03-30 07:45:50', '2021-03-30 07:45:50'),
(39, 'Y7499', '40', '2', '15:58', '14:00', 'Reordered', '2021-03-30 07:46:27', '2021-03-30 07:46:27'),
(40, 'Y7032', '40', '2', '15:58', '14:00', 'Reordered', '2021-03-30 07:47:13', '2021-03-30 07:47:13'),
(41, 'Y5545', '40', '2', '15:58', '14:00', 'Reordered', '2021-03-30 07:52:27', '2021-03-30 07:52:27'),
(42, 'Y8883', '40', '2', '15:58', '14:00', 'Reordered', '2021-03-30 07:53:44', '2021-03-30 07:53:44'),
(43, 'Y9774', '40', '2', '15:58', '14:00', 'Reordered', '2021-03-30 07:53:53', '2021-03-30 07:53:53'),
(44, 'Y8186', '55', '2', '2021-03-30T13:48:56.017+05:30', '2021-03-30T13:48:56.018+05:30', NULL, '2021-03-30 08:19:01', '2021-03-30 08:19:01'),
(45, 'Y6967', '40', '2', '15:58', '14:00', 'Reordered', '2021-03-30 08:19:10', '2021-03-30 08:19:10'),
(46, 'Y1026', '40', '2', '15:58', '14:00', 'Reordered', '2021-03-31 04:31:13', '2021-03-31 04:31:13'),
(47, 'Y2806', '40', '2', '15:58', '14:00', 'Reordered', '2021-03-31 04:34:15', '2021-03-31 04:34:15'),
(48, 'Y7699', '40', '2', '15:58', '14:00', 'Reordered', '2021-03-31 05:01:02', '2021-03-31 05:01:02'),
(49, 'Y557', '40', '1', '2021-04-02T09:59:40.885+05:30', '2021-04-02T09:59:40.885+05:30', NULL, '2021-04-02 04:29:45', '2021-04-02 04:29:45'),
(50, 'Y8952', '40', '1', '2021-04-02T10:00:23.289+05:30', '2021-04-02T10:00:23.290+05:30', NULL, '2021-04-02 04:30:27', '2021-04-02 04:30:27'),
(51, 'Y2832', '40', '2', '15:58', '14:00', 'Reordered', '2021-04-02 04:35:53', '2021-04-02 04:35:53'),
(52, 'Y8377', '40', '2', '15:58', '14:00', 'Reordered', '2021-04-02 04:37:57', '2021-04-02 04:37:57'),
(53, 'Y1975', '40', '2', '15:58', '14:00', 'Reordered', '2021-04-02 06:04:04', '2021-04-02 06:04:04'),
(54, 'Y5877', '40', '1', '2021-04-03T12:59:16.136+05:30', '2021-04-03T12:59:16.137+05:30', NULL, '2021-04-03 07:29:21', '2021-04-03 07:29:21'),
(55, 'Y7497', '40', '2', '15:58', '14:00', 'Reordered', '2021-04-03 07:30:33', '2021-04-03 07:30:33'),
(56, 'Y1167', '40', '2', '15:58', '14:00', 'Reordered', '2021-04-03 08:03:03', '2021-04-03 08:03:03'),
(57, 'Y1887', '40', '2', '15:58', '14:00', 'Reordered', '2021-04-03 11:28:38', '2021-04-03 11:28:38'),
(58, 'Y7461', '40', '2', '15:58', '14:00', 'Reordered', '2021-04-03 12:06:19', '2021-04-03 12:06:19'),
(59, 'Y201', '40', '2', '2021-04-03T18:28:45.274+05:30', '2021-04-03T18:28:45.274+05:30', NULL, '2021-04-03 12:58:51', '2021-04-03 12:58:51'),
(60, 'Y1640', '40', '2', '15:58', '14:00', 'Reordered', '2021-04-03 13:01:18', '2021-04-03 13:01:18'),
(61, 'Y6609', '55', '1', '2021-04-05T10:10:01.775+05:30', '2021-04-05T10:10:01.777+05:30', NULL, '2021-04-05 04:40:08', '2021-04-05 04:40:08'),
(62, 'Y2876', '50', '2', '2021-04-05T16:13:35.401+05:30', '2021-04-05T16:13:35.403+05:30', NULL, '2021-04-05 10:43:39', '2021-04-05 10:43:39'),
(63, 'Y9095', '50', '2', '2021-04-05T16:18:01.728+05:30', '2021-04-05T16:18:01.729+05:30', NULL, '2021-04-05 10:48:04', '2021-04-05 10:48:04'),
(64, 'Y651', '50', '2', '2021-04-05T16:18:01.728+05:30', '2021-04-05T16:18:01.729+05:30', NULL, '2021-04-05 10:48:05', '2021-04-05 10:48:05'),
(65, 'Y1645', '40', '2', '15:58', '14:00', 'Reordered', '2021-04-05 11:21:12', '2021-04-05 11:21:12');

-- --------------------------------------------------------

--
-- Table structure for table `calenderevent`
--

CREATE TABLE `calenderevent` (
  `id` bigint(20) UNSIGNED NOT NULL,
  `userId` varchar(255) COLLATE utf8mb4_unicode_ci DEFAULT NULL,
  `title` varchar(255) COLLATE utf8mb4_unicode_ci DEFAULT NULL,
  `description` varchar(255) COLLATE utf8mb4_unicode_ci DEFAULT NULL,
  `dateOfEvent` varchar(255) COLLATE utf8mb4_unicode_ci DEFAULT NULL,
  `created_at` timestamp NULL DEFAULT NULL,
  `updated_at` timestamp NULL DEFAULT NULL
) ENGINE=InnoDB DEFAULT CHARSET=utf8mb4 COLLATE=utf8mb4_unicode_ci;

--
-- Dumping data for table `calenderevent`
--

INSERT INTO `calenderevent` (`id`, `userId`, `title`, `description`, `dateOfEvent`, `created_at`, `updated_at`) VALUES
(25, '40', 'achyuth', 'new office shifted', '2021-04-05T06:30:00.000Z', NULL, NULL),
(26, '40', 'Grepthor event', 'this evening we\'ve to attend the cyber security event at grepthor lmt', '2021-04-05 06:30:00', NULL, NULL),
(27, '50', 'oiuytgf', 'jkyhg', '2021-04-05 06:30:00', NULL, NULL),
(28, '84', 'zdfs', 'zdvc', '2021-04-15 06:30:00', NULL, NULL),
(29, '90', '', '', '2021-04-14 06:30:00', NULL, NULL),
(30, '132', '', '', '2021-04-28 06:30:00', NULL, NULL),
(31, '84', 'dazxc', 'edvxc', '2021-04-30 06:30:00', NULL, NULL),
(32, '84', 'nm', 'klj', '2021-04-30 06:30:00', NULL, NULL),
(33, '84', 'aczX', 'axcz', '2021-04-30 06:30:00', NULL, NULL);

-- --------------------------------------------------------

--
-- Table structure for table `category`
--

CREATE TABLE `category` (
  `id` bigint(20) UNSIGNED NOT NULL,
  `categoryName` varchar(255) COLLATE utf8mb4_unicode_ci DEFAULT NULL,
  `addedBy` varchar(255) COLLATE utf8mb4_unicode_ci DEFAULT NULL,
  `created_at` timestamp NULL DEFAULT NULL,
  `updated_at` timestamp NULL DEFAULT NULL
) ENGINE=InnoDB DEFAULT CHARSET=utf8mb4 COLLATE=utf8mb4_unicode_ci;

--
-- Dumping data for table `category`
--

INSERT INTO `category` (`id`, `categoryName`, `addedBy`, `created_at`, `updated_at`) VALUES
(1, 'Veg', NULL, '2021-02-19 09:37:39', '2021-02-19 09:37:39'),
(3, 'Salad', NULL, '2021-02-19 10:03:14', '2021-02-19 10:03:14'),
(4, 'Fruits', '10', '2021-02-22 09:04:09', '2021-02-22 09:04:09'),
(5, 'Food', '10', '2021-02-22 09:04:25', '2021-02-22 09:04:25'),
(6, 'Headache', '10', '2021-03-23 12:09:56', '2021-03-23 12:09:56'),
(7, 'Pain killer', '10', '2021-03-23 12:10:09', '2021-03-23 12:10:09'),
(8, 'cough,', '10', '2021-03-23 12:11:00', '2021-03-23 12:11:00'),
(9, 'Syrup', '10', '2021-03-23 12:11:09', '2021-03-23 12:11:09');

-- --------------------------------------------------------

--
-- Table structure for table `doctorCategory`
--

CREATE TABLE `doctorCategory` (
  `id` int(11) NOT NULL,
  `doctorCategory` varchar(255) COLLATE utf8mb4_unicode_ci DEFAULT NULL
) ENGINE=InnoDB DEFAULT CHARSET=utf8mb4 COLLATE=utf8mb4_unicode_ci;

--
-- Dumping data for table `doctorCategory`
--

INSERT INTO `doctorCategory` (`id`, `doctorCategory`) VALUES
(1, 'Surgeon'),
(2, 'Cardiologist'),
(3, 'Dentist'),
(4, 'General Surgeon'),
(5, 'Dermatologists'),
(6, 'Gynecologist');

-- --------------------------------------------------------

--
-- Table structure for table `doctordetail`
--

CREATE TABLE `doctordetail` (
  `id` bigint(20) UNSIGNED NOT NULL,
  `doctorName` varchar(255) COLLATE utf8mb4_unicode_ci DEFAULT NULL,
  `doctorPosition` varchar(255) COLLATE utf8mb4_unicode_ci DEFAULT NULL,
  `doctorExperience` varchar(255) COLLATE utf8mb4_unicode_ci DEFAULT NULL,
  `doctorImage` varchar(255) COLLATE utf8mb4_unicode_ci DEFAULT NULL,
  `doctorRating` varchar(255) COLLATE utf8mb4_unicode_ci DEFAULT NULL,
  `doctorTimingFrom` varchar(255) COLLATE utf8mb4_unicode_ci DEFAULT NULL,
  `doctorTimingTo` varchar(255) COLLATE utf8mb4_unicode_ci DEFAULT NULL,
  `doctorFee` varchar(255) COLLATE utf8mb4_unicode_ci DEFAULT NULL,
  `aboutDoctor` varchar(255) COLLATE utf8mb4_unicode_ci DEFAULT NULL,
  `doctorEnquiryNumber` varchar(255) COLLATE utf8mb4_unicode_ci DEFAULT NULL,
  `appoinmentDate` varchar(255) COLLATE utf8mb4_unicode_ci DEFAULT NULL,
  `appoinmentTime` varchar(255) COLLATE utf8mb4_unicode_ci DEFAULT NULL,
  `address` varchar(255) COLLATE utf8mb4_unicode_ci DEFAULT NULL,
  `created_at` timestamp NULL DEFAULT NULL,
  `updated_at` timestamp NULL DEFAULT NULL
) ENGINE=InnoDB DEFAULT CHARSET=utf8mb4 COLLATE=utf8mb4_unicode_ci;

--
-- Dumping data for table `doctordetail`
--

INSERT INTO `doctordetail` (`id`, `doctorName`, `doctorPosition`, `doctorExperience`, `doctorImage`, `doctorRating`, `doctorTimingFrom`, `doctorTimingTo`, `doctorFee`, `aboutDoctor`, `doctorEnquiryNumber`, `appoinmentDate`, `appoinmentTime`, `address`, `created_at`, `updated_at`) VALUES
(1, 'Dr. Sateesh ', 'Psychologist', '50 year', 'http://tarawithyou.com/doctorImage/doctor-male-with-face-mask-isolated-icon-vector-30592639.jpg', '9/10', '10:00 am', '6:00 pm', '500/ per', 'blah blah blah!!!', '1231231231123', '12/12/2021', '4:00 pm', 'Hyderabad', '2021-02-25 11:26:09', '2021-02-25 11:26:09'),
(2, 'Dr. . Ranjith', 'Surgeon', '25', 'http://tarawithyou.com/doctorImage/doctor-male-with-face-mask-isolated-icon-vector-30592639.jpg', '4', '15:59', '17:58', '2000', 'Don\'t fear....', '009009009', '15:58', '14:00', 'Hyderabad', '2021-03-03 09:30:28', '2021-03-03 09:30:28'),
(3, 'Dr. Harshit', 'Cardiologist', '38 year', 'http://tarawithyou.com/doctorImage/young-male-doctor-mask-wearing-n-respiratory-protection-against-infectives-diseases-flat-vector-illustration-172951621.jpg', '4', '18:03', '19:03', '2000', NULL, '009009009', '18:03', '17:03', 'Hyderabad', '2021-03-03 09:33:55', '2021-03-03 09:33:55'),
(4, 'achyuth', 'rmp', '5', 'http://tarawithyou.com/doctorImage/download.jpg', '5', '14:50', '15:50', '50', 'sbdjsghkcxbjjxgvuisdfdslmfskldfhiudyfusdhfkdsfsdfiudshfdsjkdfgfusdtfduifhdsncvjsdhftd', '1234567890', '14:05', '15:02', 'Hyderabad', '2021-03-24 07:22:39', '2021-03-24 07:22:39'),
(5, 'praveen', 'mbbs', '5', 'http://tarawithyou.com/doctorImage/images.jpg', '5', '13:05', '15:05', '500', 'sjkbcsdjagcuwtdsabdhdgqyiwtdqwjbdqwutyeqwddgghasdgwydtawudgbgasyudw7eawdgauayrdqw7ydgashdfayuwerayWGDASNDGWERUWETJDSFGYUSTFYUSFGJSGFUWEGRUHEWJDFGDSHFYUDSGGFDSHFGDSHF', '2222222222', '13:05', '15:05', 'Hyderabad', '2021-03-24 07:25:33', '2021-03-24 07:25:33'),
(6, 'SURESH', 'mbbs', '10', 'http://tarawithyou.com/doctorImage/doctors-3 (1).jpg', '5', '17:05', '18:06', '1000', 'bserdftgvybhjnkmrftgvybhunjkmrtgybhunjkm,ltgybhunjkm,lrtfgybhunjimkltgyhunjikmoltgyhunjikm,l', '1234567890', '17:05', '18:06', 'Hyderabad', '2021-03-24 07:29:09', '2021-03-24 07:29:09'),
(7, 'vishal', 'Psychologist', '15', 'http://tarawithyou.com/doctorImage/images.jpg', '5', '13:05', '20:05', '500', 'xcbnmcbxhjsdfgdghbsdhgfhdsgfjdjdcbdjgdshgfdfhvsdhfvdhgfdkhfvdfvdskhgfsdgfdhfdhgfa', '8888888888', '13:05', '20:05', 'Hyderabad', '2021-03-24 08:04:25', '2021-03-24 08:04:25'),
(8, 'vishal j', 'Dentist', '10', 'http://tarawithyou.com/doctorImage/images.jpg', '5', '13:05', '21:05', '5000', 'good', 'Dentist', '13:05', '21:05', 'Hyderabad', '2021-03-24 08:15:43', '2021-03-24 08:15:43'),
(9, 'vimal', 'ENT', '5', 'http://tarawithyou.com/doctorImage/PIC2.JPG', NULL, '13:13', '19:13', '500', NULL, 'gud', NULL, NULL, NULL, '2021-04-28 07:44:01', '2021-04-28 07:44:01');

-- --------------------------------------------------------

--
-- Table structure for table `failed_jobs`
--

CREATE TABLE `failed_jobs` (
  `id` bigint(20) UNSIGNED NOT NULL,
  `connection` text COLLATE utf8mb4_unicode_ci NOT NULL,
  `queue` text COLLATE utf8mb4_unicode_ci NOT NULL,
  `payload` longtext COLLATE utf8mb4_unicode_ci NOT NULL,
  `exception` longtext COLLATE utf8mb4_unicode_ci NOT NULL,
  `failed_at` timestamp NOT NULL DEFAULT current_timestamp()
) ENGINE=InnoDB DEFAULT CHARSET=utf8mb4 COLLATE=utf8mb4_unicode_ci;

-- --------------------------------------------------------

--
-- Table structure for table `filtertype`
--

CREATE TABLE `filtertype` (
  `id` bigint(20) UNSIGNED NOT NULL,
  `filterValue` varchar(255) COLLATE utf8mb4_unicode_ci DEFAULT NULL,
  `filterName` varchar(255) COLLATE utf8mb4_unicode_ci DEFAULT NULL,
  `created_at` timestamp NULL DEFAULT NULL,
  `updated_at` timestamp NULL DEFAULT NULL
) ENGINE=InnoDB DEFAULT CHARSET=utf8mb4 COLLATE=utf8mb4_unicode_ci;

--
-- Dumping data for table `filtertype`
--

INSERT INTO `filtertype` (`id`, `filterValue`, `filterName`, `created_at`, `updated_at`) VALUES
(1, 'asc', 'Low To High', NULL, NULL),
(2, 'desc', 'High To Low', NULL, NULL),
(3, 'newproduct', 'Newest', NULL, NULL),
(4, 'bestSeller', 'Popularity', NULL, NULL);

-- --------------------------------------------------------

--
-- Table structure for table `getchatbot`
--

CREATE TABLE `getchatbot` (
  `id` bigint(20) UNSIGNED NOT NULL,
  `userId` varchar(255) COLLATE utf8mb4_unicode_ci DEFAULT NULL,
  `formvalue` varchar(255) COLLATE utf8mb4_unicode_ci DEFAULT NULL,
  `created_at` timestamp NULL DEFAULT NULL,
  `updated_at` timestamp NULL DEFAULT NULL
) ENGINE=InnoDB DEFAULT CHARSET=utf8mb4 COLLATE=utf8mb4_unicode_ci;

--
-- Dumping data for table `getchatbot`
--

INSERT INTO `getchatbot` (`id`, `userId`, `formvalue`, `created_at`, `updated_at`) VALUES
(1, '40', 'NANAME', NULL, NULL),
(2, '50', 'adsfvd', NULL, NULL),
(3, '50', 'kjhgfvcxz', NULL, NULL),
(4, '50', 'hyjutgrfd', NULL, NULL),
(5, '50', 'harshith', NULL, NULL),
(6, '50', 'segrdthfv', NULL, NULL),
(7, '50', 'wsdfx', NULL, NULL),
(8, '50', 'harshith', NULL, NULL),
(9, '50', 'easdfcxv', NULL, NULL),
(10, '50', 'harshith', NULL, NULL),
(11, '50', '', NULL, NULL),
(12, '50', '8', NULL, NULL),
(13, '50', '456+3654563251', NULL, NULL),
(14, '50', '', NULL, NULL),
(15, '50', '12', NULL, NULL),
(16, '50', 'efwdvsx ', NULL, NULL),
(17, '50', 'dsfxvc ', NULL, NULL),
(18, '50', '', NULL, NULL),
(19, '50', '8', NULL, NULL),
(20, '50', 'adsfvc', NULL, NULL),
(21, '50', 'sadxvc ', NULL, NULL),
(22, '50', '', NULL, NULL),
(23, '50', '', NULL, NULL),
(24, '50', 'wersfd', NULL, NULL),
(25, '50', 'jhgv', NULL, NULL),
(26, '50', 'jyutrfd', NULL, NULL),
(27, '50', 'hjgfc', NULL, NULL),
(28, '50', '8', NULL, NULL),
(29, '40', 'asdfg', NULL, NULL),
(30, '40', 'ghyf', NULL, NULL),
(31, '40', 'ghj', NULL, NULL),
(32, '40', '1234', NULL, NULL),
(33, '40', 'hmmmmmmmmm', NULL, NULL),
(34, '40', 'kjhg', NULL, NULL),
(35, '40', '1234', NULL, NULL),
(36, '40', '1234', NULL, NULL),
(37, '40', 'sdghjk', NULL, NULL),
(38, '40', 'sdhyf', NULL, NULL),
(39, '40', 'sdhyf', NULL, NULL),
(40, '40', 'sdfghjgg', NULL, NULL),
(41, '40', 'aswdrt', NULL, NULL),
(42, '40', 'aswdrt', NULL, NULL),
(43, '84', 'sdfhjkjhg', NULL, NULL),
(44, '84', 'asdfhn', NULL, NULL),
(45, '84', 'awsrhj,.', NULL, NULL),
(46, '84', 'rajesh', NULL, NULL),
(47, '84', 'asdfghjk', NULL, NULL),
(48, '84', 'qwertyuiop', NULL, NULL),
(49, '84', 'qwertyuiop', NULL, NULL),
(50, '84', 'asdfghjkl', NULL, NULL),
(51, '84', '12345678', NULL, NULL),
(52, '84', 'qwertyu', NULL, NULL),
(53, '84', 'asdfghjkl;', NULL, NULL),
(54, '84', 'asdfghjkl', NULL, NULL),
(55, '84', 'qwertyuio', NULL, NULL),
(56, '84', 'qazxcvbnm,', NULL, NULL),
(57, '84', 'qwertyuio', NULL, NULL),
(58, '84', 'asdfghjk', NULL, NULL),
(59, '84', 'qqqqwertyuiop', NULL, NULL),
(60, '84', 'asdnmnb', NULL, NULL),
(61, '84', 'qwertytrdsdfbvcxfdxd', NULL, NULL),
(62, '84', 'asdftyui', NULL, NULL),
(63, '84', 'asdfghjkl', NULL, NULL),
(64, '84', 'sdwf', NULL, NULL),
(65, '84', 'wqrtfhu', NULL, NULL),
(66, '84', 'qwerty', NULL, NULL),
(67, '84', 'asdfghj/', NULL, NULL),
(68, '84', 'qwertyui', NULL, NULL),
(69, '84', 'qwertyui', NULL, NULL),
(70, '84', 'hxchgxchsdgfc', NULL, NULL),
(71, '84', 'dzcsd', NULL, NULL),
(72, '84', 'vbnm,.', NULL, NULL),
(73, '84', 'qwertyuuiop', NULL, NULL),
(74, '84', 'qwertyui', NULL, NULL),
(75, '84', 'qwertyuio', NULL, NULL),
(76, '84', 'qwertyuiop', NULL, NULL),
(77, '84', 'qwertyuiop', NULL, NULL),
(78, '84', '123456789', NULL, NULL),
(79, '84', 'qwertyuiop', NULL, NULL),
(80, '84', 'asdfghjkl', NULL, NULL),
(81, '84', 'asdfghujkl;', NULL, NULL),
(82, '84', 'Zaxsdfgrthyjukilokijuhytgrfedwsqaswdefrgthnj', NULL, NULL),
(83, '84', 'qwertyuiop[', NULL, NULL),
(84, '84', 'qwertyuiop', NULL, NULL),
(85, '84', 'qwertyuiop', NULL, NULL),
(86, '84', 'qwertyuiop', NULL, NULL),
(87, '84', 'asdfghhhhhhhhjjjjjjjjjk', NULL, NULL),
(88, '84', 'qwertyuiop', NULL, NULL),
(89, '84', 'qwertyuiop[', NULL, NULL),
(90, '84', 'qwertyuiop', NULL, NULL),
(91, '84', 'qwertyuiop', NULL, NULL),
(92, '84', 'qwertyuiop', NULL, NULL),
(93, '84', 'qwertyuiop', NULL, NULL),
(94, '84', 'asdfkl', NULL, NULL),
(95, '84', 'qwertyuiop', NULL, NULL),
(96, '84', '1234567890-', NULL, NULL),
(97, '84', 'qaszxcvbhjkytredfgj,jgfdgnmghmgngn bvfvbvff', NULL, NULL),
(98, '84', 'qwertyuiop', NULL, NULL),
(99, '84', 'qwertyuiop', NULL, NULL),
(100, '90', 'gfdgrthjghhg', NULL, NULL),
(101, '84', 'qwertyuiop[', NULL, NULL),
(102, '84', 'qwertyuiop', NULL, NULL),
(103, '40', 'qwertyu', NULL, NULL),
(104, '87', 'dfghjk,l.', NULL, NULL),
(105, '87', 'gbnm,', NULL, NULL),
(106, '90', 'hie', NULL, NULL),
(107, '132', 'satish', NULL, NULL),
(108, '86', 'r4hul', NULL, NULL),
(109, '86', 'ajay', NULL, NULL),
(110, '86', 'i have stomach pain', NULL, NULL),
(111, '86', 'i have stomach pain', NULL, NULL),
(112, '135', 'Sri', NULL, NULL),
(113, '135', 'sri', NULL, NULL);

-- --------------------------------------------------------

--
-- Table structure for table `leavemessage`
--

CREATE TABLE `leavemessage` (
  `id` bigint(20) UNSIGNED NOT NULL,
  `userId` varchar(255) COLLATE utf8mb4_unicode_ci DEFAULT NULL,
  `email` varchar(255) COLLATE utf8mb4_unicode_ci DEFAULT NULL,
  `yourMessage` text COLLATE utf8mb4_unicode_ci DEFAULT NULL,
  `created_at` timestamp NULL DEFAULT NULL,
  `updated_at` timestamp NULL DEFAULT NULL
) ENGINE=InnoDB DEFAULT CHARSET=utf8mb4 COLLATE=utf8mb4_unicode_ci;

--
-- Dumping data for table `leavemessage`
--

INSERT INTO `leavemessage` (`id`, `userId`, `email`, `yourMessage`, `created_at`, `updated_at`) VALUES
(1, '40', '2', 'sdjfnskdjfsjddfkjsdfskjsdjfsdjkfsdjkj', NULL, NULL),
(2, '40', '2', 'Health is a resource for everyday life, not the objective of living; it is a positive concept, emphasizing social and personal resources, as well as physical capacities', NULL, NULL),
(3, '84', 'bjhm@gmail.com', 'ujkhbj nqsxabjk,m ', NULL, NULL),
(4, '84', 'nmhsbgdjyf@gmail.com', 'w4trsgxhn ', NULL, NULL);

-- --------------------------------------------------------

--
-- Table structure for table `migrations`
--

CREATE TABLE `migrations` (
  `id` int(10) UNSIGNED NOT NULL,
  `migration` varchar(255) COLLATE utf8mb4_unicode_ci NOT NULL,
  `batch` int(11) NOT NULL
) ENGINE=InnoDB DEFAULT CHARSET=utf8mb4 COLLATE=utf8mb4_unicode_ci;

--
-- Dumping data for table `migrations`
--

INSERT INTO `migrations` (`id`, `migration`, `batch`) VALUES
(1, '2014_10_12_000000_create_users_table', 1),
(2, '2019_08_19_000000_create_failed_jobs_table', 1),
(3, '2014_10_12_100000_create_password_resets_table', 2),
(4, '2016_06_01_000001_create_oauth_auth_codes_table', 2),
(5, '2016_06_01_000002_create_oauth_access_tokens_table', 2),
(6, '2016_06_01_000003_create_oauth_refresh_tokens_table', 2),
(7, '2016_06_01_000004_create_oauth_clients_table', 2),
(8, '2016_06_01_000005_create_oauth_personal_access_clients_table', 2);

-- --------------------------------------------------------

--
-- Table structure for table `oauth_access_tokens`
--

CREATE TABLE `oauth_access_tokens` (
  `id` varchar(100) COLLATE utf8mb4_unicode_ci NOT NULL,
  `user_id` bigint(20) UNSIGNED DEFAULT NULL,
  `client_id` bigint(20) UNSIGNED NOT NULL,
  `name` varchar(255) COLLATE utf8mb4_unicode_ci DEFAULT NULL,
  `scopes` text COLLATE utf8mb4_unicode_ci DEFAULT NULL,
  `revoked` tinyint(1) NOT NULL,
  `created_at` timestamp NULL DEFAULT NULL,
  `updated_at` timestamp NULL DEFAULT NULL,
  `expires_at` datetime DEFAULT NULL
) ENGINE=InnoDB DEFAULT CHARSET=utf8mb4 COLLATE=utf8mb4_unicode_ci;

--
-- Dumping data for table `oauth_access_tokens`
--

INSERT INTO `oauth_access_tokens` (`id`, `user_id`, `client_id`, `name`, `scopes`, `revoked`, `created_at`, `updated_at`, `expires_at`) VALUES
('008336b4717d06164c4c95d1230cca180c414864e1eff1a0da8a56acca30f7123b2ef105df75b129', 40, 1, 'authToken', '[]', 0, '2021-02-23 11:27:20', '2021-02-23 11:27:20', '2022-02-23 11:27:20'),
('00b5f7f3a3d18b4c2e5c6063faf4656c0b7db6b8bad3761367d4a0e8cb5aefb16eaf1cb6666c78d5', 10, 1, 'authToken', '[]', 0, '2021-03-17 12:31:58', '2021-03-17 12:31:58', '2022-03-17 12:31:58'),
('00e1a1da4186f5679f66b98281f0cfe3cff358ccf40f0fcc8d731a909223b7f40d9b865f4c9e13ed', 40, 1, 'authToken', '[]', 0, '2021-03-08 08:25:04', '2021-03-08 08:25:04', '2022-03-08 08:25:04'),
('00f4c716918d1fe8ef0df57421d5200159d9834a55ca542f501ebf86872c689dbfac9352ddc53393', 10, 1, 'authToken', '[]', 0, '2021-02-18 02:21:53', '2021-02-18 02:21:53', '2022-02-18 07:51:53'),
('0197fb58846a6ada44ab6fb4ce626ad9fea523802ef58588307ffe1f71f5957c1b07ffa913d8977d', 50, 1, 'authToken', '[]', 0, '2021-03-23 05:59:30', '2021-03-23 05:59:30', '2022-03-23 05:59:30'),
('01fecf0a17f5c872d5e4618ee591b9c839f098d0c128e3c994403fb34d5111856a2e830740c4e2ca', 40, 1, 'authToken', '[]', 0, '2021-02-26 10:25:38', '2021-02-26 10:25:38', '2022-02-26 10:25:38'),
('02186d12bf21441dc8e9d0f51f1e983c1116a6e549afe5b385eae51a4320221b4375afd2f52f60ef', 40, 1, 'authToken', '[]', 0, '2021-03-08 09:37:37', '2021-03-08 09:37:37', '2022-03-08 09:37:37'),
('021af34981b53b084a381221ba2308b6ebeb17e7c4bebdd3b79b137bd76b1409a4307c548939180c', 40, 1, 'authToken', '[]', 0, '2021-02-24 07:43:34', '2021-02-24 07:43:34', '2022-02-24 07:43:34'),
('02447437e48daeeaa3d1cd7d7ac18aa913efaed3ec6d43988648f2da7854621c40534a8711eba082', 40, 1, 'authToken', '[]', 0, '2021-03-27 11:36:21', '2021-03-27 11:36:21', '2022-03-27 11:36:21'),
('02655846577b5a2d9c0f663d77a704e1993d5621e285b2bf91046bcd849e51f36644088c8a499b17', 40, 1, 'authToken', '[]', 0, '2021-03-01 09:17:22', '2021-03-01 09:17:22', '2022-03-01 09:17:22'),
('02dbc289450f54ebcf58b23870e7e7f7d70d531903fa7e6db3a874913b18b3a721a3ceb46839bffb', 55, 1, 'authToken', '[]', 0, '2021-03-24 12:00:16', '2021-03-24 12:00:16', '2022-03-24 12:00:16'),
('02e72cb3bc664a8297e299f623361ce876f804d5954ce5d1f74312b62ebc38fa6d36ae9bc28f8d5a', 84, 1, 'authToken', '[]', 0, '2021-04-06 08:01:19', '2021-04-06 08:01:19', '2022-04-06 08:01:19'),
('0324f3ae76fb2ef0babc031f4d3857fbbbb9e798c7a5a642a735301a2ca3d3528bc3e18c86de944a', 40, 1, 'authToken', '[]', 0, '2021-04-02 10:57:48', '2021-04-02 10:57:48', '2022-04-02 10:57:48'),
('034de83e06522c053b85e4f26cf3c3ba1199e27980d2386332a52eeaf95461b52982b2fe334ddecd', 40, 1, 'authToken', '[]', 0, '2021-02-23 13:20:59', '2021-02-23 13:20:59', '2022-02-23 13:20:59'),
('03515bb20a3d4226b1ca0ed0e5f3a5e3437316c485c7fbc5f911b1929c6d80a7473ba823dabbacec', 40, 1, 'authToken', '[]', 0, '2021-03-30 06:49:51', '2021-03-30 06:49:51', '2022-03-30 06:49:51'),
('0386f28b0169b960e3ac9418818533c98ae1c7b97ac8aabdbab6a757abcff760f43d640cd02a65ce', 10, 1, 'authToken', '[]', 0, '2021-02-19 09:35:58', '2021-02-19 09:35:58', '2022-02-19 09:35:58'),
('03da457eaf9f8c97c2ad28bcccb0ac91f4f4db6af63d30f1bcb1fbf1214707a8d71cf07a644bb10d', 40, 1, 'authToken', '[]', 0, '2021-03-08 09:14:53', '2021-03-08 09:14:53', '2022-03-08 09:14:53'),
('03dda8c00184bd19ec911efdbccfe597ca6005b6477e90895b945b7edb914586e64c78e04986afd3', 32, 1, 'authToken', '[]', 0, '2021-02-19 09:32:30', '2021-02-19 09:32:30', '2022-02-19 09:32:30'),
('045e73746ac27f06fdb6124c4563bec153a73fcff4164808c2b1a5732c79604db149b5e5cc59e544', 48, 1, 'authToken', '[]', 0, '2021-03-08 09:55:56', '2021-03-08 09:55:56', '2022-03-08 09:55:56'),
('047a8033f89abee5c7240010307421730134a3f431abc3819df1b010efb76008d04f4a100084daa9', 55, 1, 'authToken', '[]', 0, '2021-03-27 05:58:55', '2021-03-27 05:58:55', '2022-03-27 05:58:55'),
('04e34d44d03d738cd9502da04230e17639a2d3fb67f4866dfbbf9cd040c2b30fcbcbab2c0aaafcea', 40, 1, 'authToken', '[]', 0, '2021-03-27 12:11:23', '2021-03-27 12:11:23', '2022-03-27 12:11:23'),
('051bbd34af73c81a3a8c296b3a431d9d8f3498d302be00633f3a0df1a99c46c49202978e7a55d0af', 40, 1, 'authToken', '[]', 0, '2021-03-11 08:09:05', '2021-03-11 08:09:05', '2022-03-11 08:09:05'),
('05387d07f92a665a4988582e08e5c481915b4b28d295ac624d88a89b92c03cba57245aa347306e68', 40, 1, 'authToken', '[]', 0, '2021-02-25 11:41:02', '2021-02-25 11:41:02', '2022-02-25 11:41:02'),
('054e67a51917c91284d1dc3bb574052cb2068f28db83765606196fce4b2356339bade5ca09a33ea9', 10, 1, 'authToken', '[]', 0, '2021-02-16 05:51:11', '2021-02-16 05:51:11', '2022-02-16 11:21:11'),
('057ae1676e46159c565e355d4678babfc9c23c5d42b65ec8a4dc8020ec1283462add183840d4734c', 40, 1, 'authToken', '[]', 0, '2021-03-10 06:05:08', '2021-03-10 06:05:08', '2022-03-10 06:05:08'),
('05a2c73189c706d3c9e14472019002fb98aa49e25b65b879a4259363abf984ad81e78ce6190d57c5', 40, 1, 'authToken', '[]', 0, '2021-03-01 14:26:57', '2021-03-01 14:26:57', '2022-03-01 14:26:57'),
('0622ba20169270c0cdf6dbe6912cb55f9a67167a7f7900e64a0ea26354211a60e058faec451bb1f5', 40, 1, 'authToken', '[]', 0, '2021-03-03 12:57:10', '2021-03-03 12:57:10', '2022-03-03 12:57:10'),
('062f1ed3866d6342d33466dc45a8a7b03c28eac99646958f4fbf38078199f51a9e6fb86bf08ed9c6', 40, 1, 'authToken', '[]', 0, '2021-03-08 09:29:34', '2021-03-08 09:29:34', '2022-03-08 09:29:34'),
('062f85b271e4a9d6805d27084cd7f19bcc26bed129e0757a600550e760a2aeccdb6e9ec0ff4cc0a2', 84, 1, 'authToken', '[]', 0, '2021-04-06 07:39:51', '2021-04-06 07:39:51', '2022-04-06 07:39:51'),
('06368cb2ed252366028e7cb36ecfd4c0770a272bdf9e29185a09a554996b9630c9bcf3ba812afa7e', 55, 1, 'authToken', '[]', 0, '2021-04-05 05:18:53', '2021-04-05 05:18:53', '2022-04-05 05:18:53'),
('063e21da578f91a51c222993f63118d1edd250e96a906d1509c789290d189cb2d90fcded786a2a5e', 40, 1, 'authToken', '[]', 0, '2021-03-24 06:07:00', '2021-03-24 06:07:00', '2022-03-24 06:07:00'),
('065afc163e6a52d9db8f6f26262f0a79246e12215e9b2eace5c1f2044372bdce34f6d85b7793a9bd', 40, 1, 'authToken', '[]', 0, '2021-03-10 06:08:17', '2021-03-10 06:08:17', '2022-03-10 06:08:17'),
('06672a84c955313b1160c20f7e0d7e7eaadaa8cc28cb2972653a8548737c190e1964dfca8351e288', 40, 1, 'authToken', '[]', 0, '2021-02-26 08:10:55', '2021-02-26 08:10:55', '2022-02-26 08:10:55'),
('06869cc3938f3528681bf66e4471ff5f0d5e0a73be6826f844fdb91a26a23c34a03e9f2b37dd4937', 40, 1, 'authToken', '[]', 0, '2021-02-24 09:10:48', '2021-02-24 09:10:48', '2022-02-24 09:10:48'),
('06aebb44fdd6608e540d6bea54f0f0ca6e09d326c52ae0e018970984cec774a42e0a2328ae67e1a6', 10, 1, 'authToken', '[]', 0, '2021-02-16 05:52:42', '2021-02-16 05:52:42', '2022-02-16 11:22:42'),
('07432791745247a8695766cf1665686c8f2b56711668cf31cf4a7e3a7617b3ff59bb8929d3899860', 40, 1, 'authToken', '[]', 0, '2021-03-10 09:23:28', '2021-03-10 09:23:28', '2022-03-10 09:23:28'),
('077b83102f15ac5d183eb0867eb0b6c36f1cd33c851d848b3b7e1c0f247a7a45e3cfc93b0d841498', 40, 1, 'authToken', '[]', 0, '2021-03-03 13:34:45', '2021-03-03 13:34:45', '2022-03-03 13:34:45'),
('079ca56da9cc6da5bbe250acd0bbeaef4b67ef227bb5e01927ff8f77abdb9a5fd8128ea9cadf9b44', 86, 1, 'authToken', '[]', 0, '2021-04-17 08:24:05', '2021-04-17 08:24:05', '2022-04-17 08:24:05'),
('07abdbcb4bfc3fb31c2cf6f1c61d1136d2e9a97c3b5058ad265aec35896339662c22bd33ec82b0ff', 84, 1, 'authToken', '[]', 0, '2021-04-06 09:24:17', '2021-04-06 09:24:17', '2022-04-06 09:24:17'),
('07b125e8ee08dd5960890c716cd74b9c45d6628a9468662180b2387e2a56d32e651bc7e05e4f0343', 40, 1, 'authToken', '[]', 0, '2021-03-30 06:44:01', '2021-03-30 06:44:01', '2022-03-30 06:44:01'),
('07bdd27a74a064dcdab0c07061ae2650430f7128d4ff7c98c57cc14ca4c1a4e7afc3ecb10bbb524c', 10, 1, 'authToken', '[]', 0, '2021-02-18 01:34:19', '2021-02-18 01:34:19', '2022-02-18 07:04:19'),
('0864fcd542c501588d16a1e1304c2461948b4b72c594e6d9a1b0e45a2c7ff9c020d8d8be9f4e3346', 40, 1, 'authToken', '[]', 0, '2021-03-08 07:23:20', '2021-03-08 07:23:20', '2022-03-08 07:23:20'),
('08694762eb0948fa31e1f6ea5fbcf3b43a6661656b860535047b0ee0fda7c38343f933dd05b341dd', 127, 1, 'authToken', '[]', 0, '2021-04-15 17:26:08', '2021-04-15 17:26:08', '2022-04-15 17:26:08'),
('08a330ab4ad29bcdec97ea747c8b78ac19484d0fb83e777c4fe7c66d8c7bf71c636244e5feacf90e', 40, 1, 'authToken', '[]', 0, '2021-03-23 07:35:56', '2021-03-23 07:35:56', '2022-03-23 07:35:56'),
('08b614e7f64a99aa16ee2bd9e19503977ad3b77affb1b94a32f82d010dfb13fe08f1d4a3da72a03c', 63, 1, 'authToken', '[]', 0, '2021-04-05 12:11:24', '2021-04-05 12:11:24', '2022-04-05 12:11:24'),
('08c53969a21e87726cc35f03ce7831c0f6f4342ada72e36c67b1df4f9528c1757eeaf96b4c85f21b', 55, 1, 'authToken', '[]', 0, '2021-03-22 13:30:32', '2021-03-22 13:30:32', '2022-03-22 13:30:32'),
('08e3c8694144c86d5436af9cd9ab0d5594ef888b923d1c38a154a94ff4704e6f1efd9dbf0dca897c', 40, 1, 'authToken', '[]', 0, '2021-03-08 08:21:21', '2021-03-08 08:21:21', '2022-03-08 08:21:21'),
('08eea63c52c372c710af99c04fdb59d80f567b3c18b23d161cd6792f21efeb2b0d02be7a6c1eb28c', 36, 1, 'authToken', '[]', 0, '2021-02-19 09:40:08', '2021-02-19 09:40:08', '2022-02-19 09:40:08'),
('0907cc62694c7e6cf3d4a8ebb3ca9aa31c5f5bd08ccf4322453616f8fec8b221bc6255c82417c6dc', 40, 1, 'authToken', '[]', 0, '2021-03-17 09:54:55', '2021-03-17 09:54:55', '2022-03-17 09:54:55'),
('09426d04e681d2e3ef7f2b6358b6edd38c05980807663dda4523017d0e1a2edc7c5df69d70ab9a6a', 103, 1, 'authToken', '[]', 0, '2021-04-14 18:21:04', '2021-04-14 18:21:04', '2022-04-14 18:21:04'),
('094883d04a2396e90daa0e764526a72a2fd82ef5d94d5b9d62b7caaf2eb8f181f5c611e9bda0adf8', 40, 1, 'authToken', '[]', 0, '2021-03-03 09:46:23', '2021-03-03 09:46:23', '2022-03-03 09:46:23'),
('096ca35ebb220da1c5feb9e0aeab476e5d42abb0b6353b366ef0df952f99a28453eaa12995a0da42', 119, 1, 'authToken', '[]', 0, '2021-04-15 13:36:40', '2021-04-15 13:36:40', '2022-04-15 13:36:40'),
('0979e2df152b4be501a58466350fd30bc5e097cae57728c9b136e23ae9277445aae0141d0f67b245', 40, 1, 'authToken', '[]', 0, '2021-03-03 10:13:58', '2021-03-03 10:13:58', '2022-03-03 10:13:58'),
('0988c1b0a381fa42fd2d6ad249db0f6237d15a7f8862be757dee3ef72128c550d4f244c953101a2d', 40, 1, 'authToken', '[]', 0, '2021-03-01 06:13:27', '2021-03-01 06:13:27', '2022-03-01 06:13:27'),
('09ddd2da7cdd0683f769cd11adb7aaf05bf4c6b00cea176ee0718dd9c6970047a1b688c48834e80b', 40, 1, 'authToken', '[]', 0, '2021-03-17 07:23:11', '2021-03-17 07:23:11', '2022-03-17 07:23:11'),
('0a35d653f942ce60b6d0643cac6f5dda1d348d376870390dafd7ad7a7698736e9e26fcb0b6af716a', 40, 1, 'authToken', '[]', 0, '2021-02-24 06:08:16', '2021-02-24 06:08:16', '2022-02-24 06:08:16'),
('0a3e0b02db7f659922509262c2e6a2e1a43708d3e9c73c6ee0ca7a96b14f38835bc5ad7d11d99a8f', 40, 1, 'authToken', '[]', 0, '2021-03-10 11:24:32', '2021-03-10 11:24:32', '2022-03-10 11:24:32'),
('0a963dcc48e303cec88b0975e0450e2a03fcdb9ebf3a69f5f07daff1e8109a9032aac5f3a2f85682', 40, 1, 'authToken', '[]', 0, '2021-03-02 07:32:44', '2021-03-02 07:32:44', '2022-03-02 07:32:44'),
('0af366a07865d2f53c2f165433db2e2a96f18410c4f0fb203fae790ef29be2fd0eb73749b959574a', 40, 1, 'authToken', '[]', 0, '2021-03-23 10:54:29', '2021-03-23 10:54:29', '2022-03-23 10:54:29'),
('0affde46d079a182049f90b080450173865e344f3519b0ee4a86e526806865fbb52d786c5277a033', 90, 1, 'authToken', '[]', 0, '2021-04-07 05:26:18', '2021-04-07 05:26:18', '2022-04-07 05:26:18'),
('0b3c48602ab2c03c4c43996635eb3bc34b9a94d770c54d3e689d395065989c9e4c41588818fd6d8f', 55, 1, 'authToken', '[]', 0, '2021-03-27 13:25:41', '2021-03-27 13:25:41', '2022-03-27 13:25:41'),
('0b6dcf8d86cb2eb80e4f48a640723512792616628a82e5d279e56f992e5e5a0ddd0e3e2072493190', 40, 1, 'authToken', '[]', 0, '2021-02-23 13:06:06', '2021-02-23 13:06:06', '2022-02-23 13:06:06'),
('0bd0b745489d85ff62838e1d89b678b6d1912af0fec20eceaa924ce52369933e52589a7b27b61124', 10, 1, 'authToken', '[]', 0, '2021-02-16 06:26:56', '2021-02-16 06:26:56', '2022-02-16 11:56:56'),
('0bd48805120355b59508e027aa24b225e83390ced8f822275a8d601b45deb3e2dddd85b843b760d6', 40, 1, 'authToken', '[]', 0, '2021-02-26 07:13:57', '2021-02-26 07:13:57', '2022-02-26 07:13:57'),
('0c171ed301ffe5ab6e74dd677492bb4e106feca92a94eded3f197d775224ba390c7239497e1ba0ce', 29, 1, 'authToken', '[]', 0, '2021-02-19 09:28:23', '2021-02-19 09:28:23', '2022-02-19 09:28:23'),
('0c66022678adbca55114471acfc82206c996ffff2fa4cab0698473b76d0ff8ee9f0b3109601fb7a2', 40, 1, 'authToken', '[]', 0, '2021-03-19 11:01:01', '2021-03-19 11:01:01', '2022-03-19 11:01:01'),
('0c96ebb52c29f643bc51f82fc4ec9e8fb1aa1f3ba9112c840e372c8ee0ec684f39dcdbeca388bdc3', 40, 1, 'authToken', '[]', 0, '2021-03-03 10:03:38', '2021-03-03 10:03:38', '2022-03-03 10:03:38'),
('0cd04bf3af58680e5bf7c5c5ced7aed960af599f113610357629d83ecf0031826d9cd06a8057898f', 46, 1, 'authToken', '[]', 0, '2021-02-19 10:57:05', '2021-02-19 10:57:05', '2022-02-19 10:57:05'),
('0cd4c7aff2828a73ebef1113ade2c6fcc350b49ea9c1df9bd69baff9f51ca236a2d4f0c8adb8014a', 39, 1, 'authToken', '[]', 0, '2021-02-19 09:48:41', '2021-02-19 09:48:41', '2022-02-19 09:48:41'),
('0cedf6d50cc48008b3cca49fc30ba3f5edd014f694f3c8573f830f522affd7f7c416c9b387d20cab', 40, 1, 'authToken', '[]', 0, '2021-03-03 13:37:59', '2021-03-03 13:37:59', '2022-03-03 13:37:59'),
('0cf46a1f046ee6ef04ca1f04468347d626a9b16c72e502bbf4857bdedecb6e0a0f33cd414d33ff26', 40, 1, 'authToken', '[]', 0, '2021-03-01 11:21:40', '2021-03-01 11:21:40', '2022-03-01 11:21:40'),
('0d1f439b898af9ffe1df25e7b5507ef01709e0fb5c4eccc858f530439c101a796b0baad5100bcd3b', 40, 1, 'authToken', '[]', 0, '2021-04-05 05:23:37', '2021-04-05 05:23:37', '2022-04-05 05:23:37'),
('0d33539b143a45ce1d4cdefe46d0dc4f3cdfe1696732085b678d390a5e856eeb4c915f44851161ff', 40, 1, 'authToken', '[]', 0, '2021-03-23 11:27:47', '2021-03-23 11:27:47', '2022-03-23 11:27:47'),
('0d4384b691f55c917c9f477924ac138c9e8e9ed5a8af70b52f2ab57d9df2acdb8b0e0372875abb07', 52, 1, 'authToken', '[]', 0, '2021-03-10 07:22:55', '2021-03-10 07:22:55', '2022-03-10 07:22:55'),
('0d639d27d64d89c5909f6c7d5728894f05329e5517aa886420b789b7199636d98a73bc5f68b4c3de', 40, 1, 'authToken', '[]', 0, '2021-04-03 12:54:37', '2021-04-03 12:54:37', '2022-04-03 12:54:37'),
('0d8173595a2d5d1b149ebd24ef3f47ff043c516d131e94b3717dd52a31907ab017945bef123dd27e', 40, 1, 'authToken', '[]', 0, '2021-03-05 08:32:36', '2021-03-05 08:32:36', '2022-03-05 08:32:36'),
('0da58279160f210f216642143edcfe59a1a005346e754e54aed843ac16be4ea333cf3c509d795991', 40, 1, 'authToken', '[]', 0, '2021-02-23 12:00:33', '2021-02-23 12:00:33', '2022-02-23 12:00:33'),
('0dfb34034cb83c3b212103ed3a116a086944fba49488a85ade6305cf59c47553939275dc81f145ee', 121, 1, 'authToken', '[]', 0, '2021-04-15 13:48:49', '2021-04-15 13:48:49', '2022-04-15 13:48:49'),
('0e02e3c48807f12fdbb0f74b147061f2779105d06cdc1ca86416373554455c880fa6053d39b84c8e', 40, 1, 'authToken', '[]', 0, '2021-04-05 04:54:54', '2021-04-05 04:54:54', '2022-04-05 04:54:54'),
('0e5da5eed19275ebd93c2455a9a728c1d04ea8d22ad3348d3b50e716b4d60d29ba9ba23509598724', 40, 1, 'authToken', '[]', 0, '2021-03-22 07:36:58', '2021-03-22 07:36:58', '2022-03-22 07:36:58'),
('0e750f2c8d9d13a50d15696b2d16c5f6e0bd10ff4a8e283842c72398a926bceda890646eaf137e73', 40, 1, 'authToken', '[]', 0, '2021-03-01 13:05:50', '2021-03-01 13:05:50', '2022-03-01 13:05:50'),
('0e994c7d0684c7c57ef62254ec4cf35a6b51c599eacbc0ca12bd842e470a9130c67f34d8a8f9f7cf', 40, 1, 'authToken', '[]', 0, '2021-03-11 06:58:38', '2021-03-11 06:58:38', '2022-03-11 06:58:38'),
('0ebb907fddda6a7902c600da2273fa5984d8b2010defe60d0472fd0cfef46b1219b801caf0ef1170', 40, 1, 'authToken', '[]', 0, '2021-04-05 05:47:14', '2021-04-05 05:47:14', '2022-04-05 05:47:14'),
('0ec9561bd7ff230ba4c39f7ad942aa7a7e35ef29114cf7c6e05e1bf3fa96c78cbee6adaf4c1dd66d', 55, 1, 'authToken', '[]', 0, '2021-03-23 10:59:50', '2021-03-23 10:59:50', '2022-03-23 10:59:50'),
('0f1ac00aa35b5d9bd83d582c5f07b0a7783e492d9906b26187a9622c96985f00009889ea562660a2', 86, 1, 'authToken', '[]', 0, '2021-04-17 08:33:01', '2021-04-17 08:33:01', '2022-04-17 08:33:01'),
('0f1d212dad684d8bbb25b3af1db59e99768c9e26aab66fd739631fe34fcecd10c2354061f52cc4c6', 40, 1, 'authToken', '[]', 0, '2021-03-28 09:45:59', '2021-03-28 09:45:59', '2022-03-28 09:45:59'),
('0f385dd843e8d4d26a28e2d9eb7a9ae814f535021f3cc5a76d5949d396ea19ec0840adf63aa37c47', 40, 1, 'authToken', '[]', 0, '2021-02-19 10:09:25', '2021-02-19 10:09:25', '2022-02-19 10:09:25'),
('0fc3f4aff2b68b32eab96b81c109af336f6eccbc264295d4293cdc7b4cdc784e4c08dc90e9126e23', 86, 1, 'authToken', '[]', 0, '2021-04-29 10:46:20', '2021-04-29 10:46:20', '2022-04-29 10:46:20'),
('0fed2aaf3b91ba8ebc689e376e5d3996787615f05da1b1c601d343a8e9afb17e3a1a2ca6a4dea536', 62, 1, 'authToken', '[]', 0, '2021-04-05 12:50:38', '2021-04-05 12:50:38', '2022-04-05 12:50:38'),
('0ff2ace7b2c8817703c22cf40e3fe89d0e164f08afcb55428c987a4f06e30bb85d43d9f8645adf35', 86, 1, 'authToken', '[]', 0, '2021-04-17 08:25:14', '2021-04-17 08:25:14', '2022-04-17 08:25:14'),
('0ffe67c1c0acfd5516c07151190ae3024547aa616313b193a2e355b8a7f28b64d65ad730bdc0c23a', 87, 1, 'authToken', '[]', 0, '2021-04-12 06:11:03', '2021-04-12 06:11:03', '2022-04-12 06:11:03'),
('1069f9a564e5bb83edf2ce8e1fb27d5e551bb67ddb209e8baaf85fd7ee62d95d236d8f5e3140a8c0', 40, 1, 'authToken', '[]', 0, '2021-03-20 07:10:55', '2021-03-20 07:10:55', '2022-03-20 07:10:55'),
('10fc8bbf1cc5ea38f0c9fe5c7d16b90bb9d07f4112a32fb1c33571d59014596eb431a2cd427a723c', 55, 1, 'authToken', '[]', 0, '2021-03-30 08:18:37', '2021-03-30 08:18:37', '2022-03-30 08:18:37'),
('110849a28ab519d0cc23f70b5d97e918845545ef505d76997ee15765cd9f50d054943bcea5d64beb', 40, 1, 'authToken', '[]', 0, '2021-03-01 07:16:20', '2021-03-01 07:16:20', '2022-03-01 07:16:20'),
('112e7995dd525946be342c758cf7b526758f59b493e17a42b517e4f7c2cec94c56cfe9ad282d2c2e', 40, 1, 'authToken', '[]', 0, '2021-03-17 06:16:01', '2021-03-17 06:16:01', '2022-03-17 06:16:01'),
('1132485d815001bed355f7f99007bf92d0706cc2055ccee990028d8fe0c87edc19551eb9d81b5b93', 40, 1, 'authToken', '[]', 0, '2021-03-18 10:03:45', '2021-03-18 10:03:45', '2022-03-18 10:03:45'),
('115ae32dfcc19879d2fe8cfc78160dfaccee53cbe5f59c895fd95d1231764fc4c1143dd34b6f7aff', 51, 1, 'authToken', '[]', 0, '2021-03-17 06:01:11', '2021-03-17 06:01:11', '2022-03-17 06:01:11'),
('11723d1e2f1d87481cc95d12069b79fa7d80182e1debe6867157dfc2fb8260e87fcb5269fa256c8f', 40, 1, 'authToken', '[]', 0, '2021-03-23 09:33:17', '2021-03-23 09:33:17', '2022-03-23 09:33:17'),
('11730a9ddd3035761aae295de695bca6abb9d5571703e16a2302319ef2f70a48a9d7cc2be643759d', 40, 1, 'authToken', '[]', 0, '2021-03-17 05:56:55', '2021-03-17 05:56:55', '2022-03-17 05:56:55'),
('1182a51a43c830af187fee4e375b3d97db553697f6d1b0886574fa59ce97a6f811c69d93888efa19', 5, 1, 'authToken', '[]', 0, '2021-02-16 05:14:09', '2021-02-16 05:14:09', '2022-02-16 10:44:09'),
('11898f7b6b713a4ea88288469807b0003c98c59727d080495f89faa15861456fa4ce7d1f0e8d2e19', 46, 1, 'authToken', '[]', 0, '2021-02-19 11:08:31', '2021-02-19 11:08:31', '2022-02-19 11:08:31'),
('129b566d558d43a9dd71676f6100bc863afeeb3f56a85c3f92fd13b6cc2d8b95b2e0358aa1a1d017', 46, 1, 'authToken', '[]', 0, '2021-02-23 06:11:09', '2021-02-23 06:11:09', '2022-02-23 06:11:09'),
('12a11442518cec94cf9227af799145323a5fbd425a55407c7d132ff0c265efd76db98ee00b300251', 43, 1, 'authToken', '[]', 0, '2021-02-19 10:47:49', '2021-02-19 10:47:49', '2022-02-19 10:47:49'),
('12cfff227cf425a0c2d129984af3a814a1ba029c89d886215a080f96b6ee1e532eb7e0718349edda', 40, 1, 'authToken', '[]', 0, '2021-02-25 11:11:33', '2021-02-25 11:11:33', '2022-02-25 11:11:33'),
('12d1cda4b5fedd141cddc2aecd1027507beed8ee8369d46a3c4e21ed3b45bcae1197f043c2c66802', 40, 1, 'authToken', '[]', 0, '2021-03-04 06:20:11', '2021-03-04 06:20:11', '2022-03-04 06:20:11'),
('12f5dfc705a9305cc461c394d1d2ba84e35fa94ac00e2e068df36cadf2e3744bf7ad3fff3d3e263d', 34, 1, 'authToken', '[]', 0, '2021-02-19 09:37:41', '2021-02-19 09:37:41', '2022-02-19 09:37:41'),
('132bfaac55f9a958530b03e0148258d32a01d4d7b6d59599348351cce8ed35089154bcba6c26e27d', 25, 1, 'authToken', '[]', 0, '2021-02-18 13:36:42', '2021-02-18 13:36:42', '2022-02-18 13:36:42'),
('135d4a20e233f8b562193109d9a428063e303d48ba35c4d8592926260d29fe8a686d0c404167afec', 40, 1, 'authToken', '[]', 0, '2021-02-26 06:45:02', '2021-02-26 06:45:02', '2022-02-26 06:45:02'),
('135e36458429b9d1a138254755c133e599703377ae7775274e662c0edecdd643ebe61cdca64100d8', 40, 1, 'authToken', '[]', 0, '2021-03-17 06:05:35', '2021-03-17 06:05:35', '2022-03-17 06:05:35'),
('139fdfc1cb17929b6f5cbeba7759c3291a98560b3909f3f102ef3909b530a79502084b0bce348077', 40, 1, 'authToken', '[]', 0, '2021-03-11 11:05:02', '2021-03-11 11:05:02', '2022-03-11 11:05:02'),
('13adc4f8790a33db66627e2274d9bfe623dcbd337ef9b6724047cec58896db31a00fd5ed5f91df06', 40, 1, 'authToken', '[]', 0, '2021-03-03 13:39:25', '2021-03-03 13:39:25', '2022-03-03 13:39:25'),
('13f7a09a64516328d34a4c37f8d30cc9c8e0826340c22e9b7d28f7b0d5913f906a57fc42fd1a24f4', 50, 1, 'authToken', '[]', 0, '2021-03-23 08:17:00', '2021-03-23 08:17:00', '2022-03-23 08:17:00'),
('143486068ea78e1adc5ae8b6deda7e9815cc55952f1b3486c761657954a521d4c2054ca0d4d1ebe7', 40, 1, 'authToken', '[]', 0, '2021-03-19 11:20:43', '2021-03-19 11:20:43', '2022-03-19 11:20:43'),
('14457a382d97bdb0216ce02636d32014d98396a3b46cf8b7fc1dbf2b9c001108a374a0e0c2942103', 40, 1, 'authToken', '[]', 0, '2021-02-25 09:21:26', '2021-02-25 09:21:26', '2022-02-25 09:21:26'),
('14a96482e1e42e5c8d94d6c4009f307127eaf74dd90785ac0a2194b90863895f1dcba168e467df4e', 62, 1, 'authToken', '[]', 0, '2021-04-05 12:51:50', '2021-04-05 12:51:50', '2022-04-05 12:51:50'),
('14d6a968906bb07449ae53b3c94efa56b0a3736fb4ca5e550dac5067a117ba96cf02f3c00bda1d30', 40, 1, 'authToken', '[]', 0, '2021-03-02 07:41:56', '2021-03-02 07:41:56', '2022-03-02 07:41:56'),
('14f30c70568915d101b45471bbc45081bf9640365a997369881d883aeb7b9421ef92763176bcd014', 40, 1, 'authToken', '[]', 0, '2021-04-03 11:08:01', '2021-04-03 11:08:01', '2022-04-03 11:08:01'),
('14fa4c47749810cb90414a2b4581751d6d12a3eee064a617b48ba9c7f2dad94a43608af1781c0203', 84, 1, 'authToken', '[]', 0, '2021-04-09 07:30:50', '2021-04-09 07:30:50', '2022-04-09 07:30:50'),
('152aa58557dcc4b54f2f41a549d44444afa411637b6975f25336d85d2fc06516f977f5b4362496de', 40, 1, 'authToken', '[]', 0, '2021-03-05 08:42:21', '2021-03-05 08:42:21', '2022-03-05 08:42:21'),
('1535ebf66f3bd04384ea94c8949ff44c0e6772a75a628208e392d939ed155815278f3e52399e1112', 40, 1, 'authToken', '[]', 0, '2021-03-17 06:24:31', '2021-03-17 06:24:31', '2022-03-17 06:24:31'),
('155949f8a75fc4941cc5ccdff6d3f82008579c434f2c01905870fe088c2c6c372f2021c15cbc7736', 50, 1, 'authToken', '[]', 0, '2021-04-05 05:40:43', '2021-04-05 05:40:43', '2022-04-05 05:40:43'),
('156cdd799e642ec3f39d3d05bb7e4bdc15348b993dc19c06de0c234a140fb025476ab41725398f62', 40, 1, 'authToken', '[]', 0, '2021-03-01 07:42:46', '2021-03-01 07:42:46', '2022-03-01 07:42:46'),
('1641a66569f35f400a250d3bc7d4a5b851df330118934ff8d852695c9cb15c8f688b4d932834c9cf', 40, 1, 'authToken', '[]', 0, '2021-03-11 07:38:32', '2021-03-11 07:38:32', '2022-03-11 07:38:32'),
('16621463dbda9d437ed9561d9aa2b1cd78477b3551edee01e3507adae82b2bef577237dc43f376ce', 40, 1, 'authToken', '[]', 0, '2021-03-11 10:43:43', '2021-03-11 10:43:43', '2022-03-11 10:43:43'),
('166c4c23acfb042d2db6b690c9ca8ce1d031d630c6bc6813867afeddff9ebc419de09f8c2659c500', 35, 1, 'authToken', '[]', 0, '2021-02-19 09:38:51', '2021-02-19 09:38:51', '2022-02-19 09:38:51'),
('16f78a077da30904839a2dca827b520bc01bd94b7ed420d12f50f870537ac94542117faed34bbff6', 40, 1, 'authToken', '[]', 0, '2021-03-11 07:01:07', '2021-03-11 07:01:07', '2022-03-11 07:01:07'),
('17670878a185498aebb21328e4ed0ff8917e348685ad891022e1960d2f44f0ed63a3fe2e7c1f9d62', 110, 1, 'authToken', '[]', 0, '2021-04-29 12:21:56', '2021-04-29 12:21:56', '2022-04-29 12:21:56'),
('1858ceada7b0bf701e9734a4de9d0496fbd16ab69cb53cf30f1b58025ec63754452394fa9c1762c4', 40, 1, 'authToken', '[]', 0, '2021-03-30 13:01:11', '2021-03-30 13:01:11', '2022-03-30 13:01:11'),
('186d479812772841eedaeae856eda0ced2c5afd283a3a57c4a13cbe71eeb2eb5e519efd363d77f58', 46, 1, 'authToken', '[]', 0, '2021-02-22 12:11:59', '2021-02-22 12:11:59', '2022-02-22 12:11:59'),
('18a80da34af6b71a094c060e197c99b1e903bd624d10681466217c41bace088cfc8d97e358921beb', 40, 1, 'authToken', '[]', 0, '2021-03-08 09:09:18', '2021-03-08 09:09:18', '2022-03-08 09:09:18'),
('18cc1cd1f4b2301cae7d0938555c22cf605faf7b8ab0f590c69659c614d58b0e89e5836037617504', 40, 1, 'authToken', '[]', 0, '2021-02-25 11:39:49', '2021-02-25 11:39:49', '2022-02-25 11:39:49'),
('18e193668b767122e6d3ecc651e6f40240970b613b79bd942299cd1027b44d0291f974c99619a634', 40, 1, 'authToken', '[]', 0, '2021-03-03 10:09:58', '2021-03-03 10:09:58', '2022-03-03 10:09:58'),
('18ec557addfb361f81e8c443b8201adebc182437137ade1fb3414385567cbda52d4cbb1b1b0a3387', 40, 1, 'authToken', '[]', 0, '2021-03-23 08:18:41', '2021-03-23 08:18:41', '2022-03-23 08:18:41'),
('18fb0a3c989c2cc042c8ef1b15f06759c7441b42d7a2ebcfb52089d8e9c3c0d7717f9cc196b5fa4f', 40, 1, 'authToken', '[]', 0, '2021-03-01 09:20:51', '2021-03-01 09:20:51', '2022-03-01 09:20:51'),
('193d2a3c21c5a26e0f13b2823cee14f7bfa14ef52733f19c3060308a7e3b4b02fb4ea04f48df443d', 40, 1, 'authToken', '[]', 0, '2021-02-26 09:36:50', '2021-02-26 09:36:50', '2022-02-26 09:36:50'),
('196fb981f718616fc137f4176ada050bac992237ac8080104ca6411dadbfc7c663c85affcbfbb2c9', 46, 1, 'authToken', '[]', 0, '2021-02-23 09:56:39', '2021-02-23 09:56:39', '2022-02-23 09:56:39'),
('197e42f3fa39fe948228ff793477c10034750bcf6f105691996e6cf3d77e486af6972ae0911c9c63', 55, 1, 'authToken', '[]', 0, '2021-04-03 11:52:26', '2021-04-03 11:52:26', '2022-04-03 11:52:26'),
('19aa9672d4a378adec4acc727a420ee40b94f0511f82d087a7b0eabe998526abd144229dc63ad93d', 40, 1, 'authToken', '[]', 0, '2021-02-25 11:49:09', '2021-02-25 11:49:09', '2022-02-25 11:49:09'),
('1ac0a0d91e8e6ce4bb0e896a05ac13a913458b8155fafead573b2619f31703de63ca67e53dcd3401', 40, 1, 'authToken', '[]', 0, '2021-03-17 10:55:54', '2021-03-17 10:55:54', '2022-03-17 10:55:54'),
('1adbd6ae06c9861eb77abf15be420988b3ce495badeb48125e43884f913e84ba3a857ace39a8bc73', 40, 1, 'authToken', '[]', 0, '2021-02-25 07:58:10', '2021-02-25 07:58:10', '2022-02-25 07:58:10'),
('1b3bbed7223e83e68d6f8a92248873adf38a6135819fb75e062afb49f026d09ed35f5ecf9e660a2e', 40, 1, 'authToken', '[]', 0, '2021-03-03 10:40:48', '2021-03-03 10:40:48', '2022-03-03 10:40:48'),
('1b85daf396120c676b0362114fdef90b85419c5488293787185ebc6c2f6092c4880a80a7286cc302', 84, 1, 'authToken', '[]', 0, '2021-04-06 07:17:04', '2021-04-06 07:17:04', '2022-04-06 07:17:04'),
('1bb3a4d02ac0613f9bd4f61c865c7451a732c1aeba7ac1e0f20ac7add9969c6e77a002630825140f', 40, 1, 'authToken', '[]', 0, '2021-03-01 07:46:21', '2021-03-01 07:46:21', '2022-03-01 07:46:21'),
('1bfcb24243deb2b13125a2f4f001d778c7172342e3ff809a1ef9138facb3f56d26286a43af4df6f7', 40, 1, 'authToken', '[]', 0, '2021-03-03 13:18:31', '2021-03-03 13:18:31', '2022-03-03 13:18:31'),
('1c0b308518d54cda4b7aef3461cf7fc857863f19750e07c5acda70776214527d916847b4a798f273', 40, 1, 'authToken', '[]', 0, '2021-02-26 06:47:21', '2021-02-26 06:47:21', '2022-02-26 06:47:21'),
('1c326afb7673eedf91c43b42059ad43403a25b76dbc224c376f1db9809df81251662eed52662da82', 40, 1, 'authToken', '[]', 0, '2021-04-03 11:27:23', '2021-04-03 11:27:23', '2022-04-03 11:27:23'),
('1c7d8b01e13395f20acedc25ff1dbf05dbac8293d8f7175fd33ca8a390757620bae2fc267f02fe32', 40, 1, 'authToken', '[]', 0, '2021-02-25 09:47:34', '2021-02-25 09:47:34', '2022-02-25 09:47:34'),
('1c9a47af75a6137392cbf31a76aebaece8a174aec855a4691e6baf72f8afc4664602f33d9781629c', 40, 1, 'authToken', '[]', 0, '2021-03-03 09:43:32', '2021-03-03 09:43:32', '2022-03-03 09:43:32'),
('1cba5fe18ee2112122e2e59a0091e150b09639bb2720ada66c95da10f037c6cec2b74687b6cf8b2c', 54, 1, 'authToken', '[]', 0, '2021-03-10 07:47:42', '2021-03-10 07:47:42', '2022-03-10 07:47:42'),
('1cbe502715a19476cdb4dce46da9573129087c711269dc1511ff2e4082703e97ffd73d1f6c1f3c74', 40, 1, 'authToken', '[]', 0, '2021-03-08 08:16:39', '2021-03-08 08:16:39', '2022-03-08 08:16:39'),
('1cc6fc75c03ab72f87caf9af4b1925b9b10f9594139cdb9a0c9f3cd641ed416da82624fb8df3a066', 40, 1, 'authToken', '[]', 0, '2021-03-01 11:44:33', '2021-03-01 11:44:33', '2022-03-01 11:44:33'),
('1cdd7d1c4d094e5dc3c7efc443def8338ff63e4607f170f756bcaefc31ab456f131e62d778e6105e', 84, 1, 'authToken', '[]', 0, '2021-04-14 06:21:47', '2021-04-14 06:21:47', '2022-04-14 06:21:47'),
('1cdea8b3aa942451f1f8112e5489fc137c0ee845e306c6a7c8a94376b3606dc4ba2db5510631a565', 40, 1, 'authToken', '[]', 0, '2021-03-09 12:52:54', '2021-03-09 12:52:54', '2022-03-09 12:52:54'),
('1d209cb9bb254ac5b231760a87f28321cbeae36c6d76da513097eda52ec90a0f798e7c4c2e35d8fa', 40, 1, 'authToken', '[]', 0, '2021-03-30 06:40:26', '2021-03-30 06:40:26', '2022-03-30 06:40:26'),
('1d25bb8b51cb28346783e2e069d1296980ea4c034c205c1e82bf658580b2fd5f92e104aabe456a12', 40, 1, 'authToken', '[]', 0, '2021-03-11 07:29:34', '2021-03-11 07:29:34', '2022-03-11 07:29:34'),
('1df37c80976306a35cb7e398784a749d9ee99190f35b51bb172178216d1d5b805f6cb936443c4c9e', 40, 1, 'authToken', '[]', 0, '2021-03-01 13:18:34', '2021-03-01 13:18:34', '2022-03-01 13:18:34'),
('1e151edea7eaeffeaea2b89c246ea4ffec57bacd57edc3067f95f19b8cf873a3b479f79196d11c2f', 40, 1, 'authToken', '[]', 0, '2021-02-24 08:00:56', '2021-02-24 08:00:56', '2022-02-24 08:00:56'),
('1e4357dd935fe230357ecb9fa2e6657b1f133832ff0cdcd190300de8d3f981f7c68b682d9e8652f3', 40, 1, 'authToken', '[]', 0, '2021-03-31 05:41:50', '2021-03-31 05:41:50', '2022-03-31 05:41:50'),
('1e480e45cd3585bb779a6d3c7f64e5f061645f827a235fdf49e6c35efc277322c2710c9cf91cd8f4', 40, 1, 'authToken', '[]', 0, '2021-04-03 07:27:11', '2021-04-03 07:27:11', '2022-04-03 07:27:11'),
('1ea5694cca44b3c11db9f4f5533f49d29232d688f379fa4878e2f7b84115890b43ab97e87178b07f', 40, 1, 'authToken', '[]', 0, '2021-03-11 11:14:01', '2021-03-11 11:14:01', '2022-03-11 11:14:01'),
('1ea6c487423c30234e1baee98bad5ce27980abab973e1cae2506316ee03a60ad8087e32ef4995eab', 40, 1, 'authToken', '[]', 0, '2021-03-27 09:39:07', '2021-03-27 09:39:07', '2022-03-27 09:39:07'),
('1f2102b5ac36a0ee9c63ee7b1040d5de8025594253f4be3ffe6cc585ba4db585bc69a44c279e9ef3', 87, 1, 'authToken', '[]', 0, '2021-04-29 06:19:40', '2021-04-29 06:19:40', '2022-04-29 06:19:40'),
('1f45ceb6d44aa7c15174eb28d3fd0f2946a60e0f313837e56cd9eaf9941601385e8baa88c92e2fe0', 40, 1, 'authToken', '[]', 0, '2021-02-25 11:02:35', '2021-02-25 11:02:35', '2022-02-25 11:02:35'),
('1f74596e1e7b5f0cb37810dc031ea61b74194a16e1134fa0290146da12aa7f99dfbecc7d8f2b21e1', 40, 1, 'authToken', '[]', 0, '2021-03-04 06:26:14', '2021-03-04 06:26:14', '2022-03-04 06:26:14'),
('204ec566992003b1cf01fd114cfe0f61ed159cdbe034a539a5c9dd636eda46a1401ebb87d50a523b', 40, 1, 'authToken', '[]', 0, '2021-04-05 05:40:56', '2021-04-05 05:40:56', '2022-04-05 05:40:56'),
('2065c0891586f49b420150983f68f00f85362eaa65e4112e5a1795c1273cf92ffba49f53761abb74', 40, 1, 'authToken', '[]', 0, '2021-03-11 07:39:18', '2021-03-11 07:39:18', '2022-03-11 07:39:18'),
('20f6ff26248f3f23fbb03240553178968ffa15c87d59283a4a294b0e8447e389c732a6bfac2dea72', 40, 1, 'authToken', '[]', 0, '2021-03-23 11:01:52', '2021-03-23 11:01:52', '2022-03-23 11:01:52'),
('2156e0038cd94178674493ed12be823b90989c10dd65961810b81c6984383011045d893d6d637bee', 50, 1, 'authToken', '[]', 0, '2021-03-23 05:52:08', '2021-03-23 05:52:08', '2022-03-23 05:52:08'),
('21577e1c1546d83aac3a679f5d1d4aa250f18365de2976f8ff8e40d86b9976d1e8c50966c09bdf69', 40, 1, 'authToken', '[]', 0, '2021-02-25 12:48:02', '2021-02-25 12:48:02', '2022-02-25 12:48:02'),
('215ab26457a204f27fc6af37ac6f18ed795724d8b56aa7af1817a4b0763f5f8575b594aeee763038', 40, 1, 'authToken', '[]', 0, '2021-03-11 08:10:56', '2021-03-11 08:10:56', '2022-03-11 08:10:56'),
('21616b9ff9046623ab212a09fab8e78fdf6c57c1cd35e046ed31d967bec2064f1714c30a7ec7997e', 40, 1, 'authToken', '[]', 0, '2021-03-11 10:29:50', '2021-03-11 10:29:50', '2022-03-11 10:29:50'),
('2187fffc52a33a1b739296fbcdb8d9bd4d1bbd79df6f9be5598501135f1fa04df3dcf7052386acb0', 40, 1, 'authToken', '[]', 0, '2021-03-23 09:24:30', '2021-03-23 09:24:30', '2022-03-23 09:24:30'),
('21b576bdd70b7562d0fed3b459fda0131b491693955a6accf8fe48363aa8c701e61f4e2ed3231422', 40, 1, 'authToken', '[]', 0, '2021-03-17 09:52:06', '2021-03-17 09:52:06', '2022-03-17 09:52:06'),
('21bedbcb2f9ae1d4f3a8ccf5398f46813de68b5351dae067e9e39b2d397d0779ff7d374ff338526f', 40, 1, 'authToken', '[]', 0, '2021-03-24 06:16:24', '2021-03-24 06:16:24', '2022-03-24 06:16:24'),
('220921f0618f31811a6b9e5c086deba3445190f11d42eaed1faa4987fcf58779f0eee2b16200c487', 63, 1, 'authToken', '[]', 0, '2021-04-05 13:01:35', '2021-04-05 13:01:35', '2022-04-05 13:01:35'),
('2222fcd7d5a6d142c19ca7d26ae9462df87f3dcd4afcd1c8ff19d8c247666d9896cad17a59ee1b8c', 40, 1, 'authToken', '[]', 0, '2021-03-31 04:44:00', '2021-03-31 04:44:00', '2022-03-31 04:44:00'),
('22a72c1e0b72a201891aa46d40bc26e38132940da88b239510d66bb50fdfa67784039b7a5bb0e947', 55, 1, 'authToken', '[]', 0, '2021-03-24 12:11:24', '2021-03-24 12:11:24', '2022-03-24 12:11:24'),
('22bdba3112583f24fd217261bdef465d110f544ebf7291349757767b4eada886f1badedf776e8827', 40, 1, 'authToken', '[]', 0, '2021-04-03 13:31:37', '2021-04-03 13:31:37', '2022-04-03 13:31:37'),
('23312f69db801b8544ad327b9fcfc6e32024217b7033e5c45e0f529c991ff91c72fb3993b80f23a0', 37, 1, 'authToken', '[]', 0, '2021-02-19 09:42:09', '2021-02-19 09:42:09', '2022-02-19 09:42:09'),
('2345c8e7323224c5cd84ebdcf2cdf740d9a0c99d1ddb3b349f9f1efc92d3b955969a7f3ed5aa5149', 40, 1, 'authToken', '[]', 0, '2021-03-30 06:47:38', '2021-03-30 06:47:38', '2022-03-30 06:47:38'),
('23472545c323840cbc096be100384f37412926ba7233dbdcc2ee35d79ce1beb8109863ab61af897b', 84, 1, 'authToken', '[]', 0, '2021-04-28 07:02:46', '2021-04-28 07:02:46', '2022-04-28 07:02:46'),
('235637a0b80397e079d714cae8651b2499f36018430b2ea9b076e52dde0cdbedf1daea4896826f2f', 40, 1, 'authToken', '[]', 0, '2021-03-02 07:28:53', '2021-03-02 07:28:53', '2022-03-02 07:28:53'),
('237a41adb284c3a8a15c1aa01487a3844f3546a7b9b57cd456b97858313274eb96d74b30b05caffd', 40, 1, 'authToken', '[]', 0, '2021-02-23 11:51:28', '2021-02-23 11:51:28', '2022-02-23 11:51:28'),
('2435fcbc1c39d12ffdf5257271521cbce912241b0b28589198c449fe2f02e41c7e95f874b5b0155b', 40, 1, 'authToken', '[]', 0, '2021-03-22 13:20:24', '2021-03-22 13:20:24', '2022-03-22 13:20:24'),
('247ecc253fa0b5b2d3abde812d4d1d2d356df8aca1a03e9a2bddb8760cbf186ae47287d5ec9ae336', 40, 1, 'authToken', '[]', 0, '2021-02-26 06:41:42', '2021-02-26 06:41:42', '2022-02-26 06:41:42'),
('24d128651c98fbdae3765b031773348b3363783f81826a56b2e91291f0cb16f04cd3acfa2b343e60', 47, 1, 'authToken', '[]', 0, '2021-02-22 05:40:28', '2021-02-22 05:40:28', '2022-02-22 05:40:28'),
('24d38c814a31a9716646ba9131a0b6cf96ca3db19e0b48749d36e52263edfa888e4a163afcf89b4b', 84, 1, 'authToken', '[]', 0, '2021-04-29 05:21:41', '2021-04-29 05:21:41', '2022-04-29 05:21:41'),
('252fd3e4e5c6a7fd39b4c32d724a776f075e2e8ab00f71286f80a2b19cb07eebd12eb5955ef79484', 54, 1, 'authToken', '[]', 0, '2021-03-17 07:33:21', '2021-03-17 07:33:21', '2022-03-17 07:33:21'),
('2669ad64a9431c946f095025f159b952918993cd616cc0c2a80668954d80f31b01c1722a945ef4af', 40, 1, 'authToken', '[]', 0, '2021-02-25 09:46:26', '2021-02-25 09:46:26', '2022-02-25 09:46:26'),
('2670afa6caefb2023159b5106c55d1c67ee3cd32c8228ec78a6938cd86b2318589b6a4da9b00e1e8', 51, 1, 'authToken', '[]', 0, '2021-03-17 13:20:27', '2021-03-17 13:20:27', '2022-03-17 13:20:27'),
('267a4e7847641941ca07d2352bd1c8980fa2ff00d6316d53081eed0a73cecc48624ae6ef589cc3e0', 40, 1, 'authToken', '[]', 0, '2021-03-09 09:40:56', '2021-03-09 09:40:56', '2022-03-09 09:40:56'),
('26898db8f429b75018029a8ec34ba6a3293a043d8c811bf19e81061903ff8f08f9a9f7551e697803', 40, 1, 'authToken', '[]', 0, '2021-02-19 10:10:13', '2021-02-19 10:10:13', '2022-02-19 10:10:13'),
('26a8f9c4733a7d4fadd5745a9ad364934f6f93b075b68e8f01c80ab6a6b49c9c710d31bb1b0d00d6', 40, 1, 'authToken', '[]', 0, '2021-03-22 11:56:05', '2021-03-22 11:56:05', '2022-03-22 11:56:05'),
('26d2ddcf382a3c5c81136dfbda95a28b4344d85f0bcc756fc61f4d36917750cc94e0f88ee483656f', 55, 1, 'authToken', '[]', 0, '2021-03-22 13:24:19', '2021-03-22 13:24:19', '2022-03-22 13:24:19'),
('27162bbd57c3bc04afcb7f688de08327884da1bb0b4f4ac390f6ea05dc627e45f2550b4af01536a3', 132, 1, 'authToken', '[]', 0, '2021-04-28 07:36:15', '2021-04-28 07:36:15', '2022-04-28 07:36:15'),
('2721f467c26021143095a4dfdf4afdcfd904672d259a4c06ef5bad4e2d794e5d671c7d139dfb5f65', 40, 1, 'authToken', '[]', 0, '2021-02-22 11:27:03', '2021-02-22 11:27:03', '2022-02-22 11:27:03'),
('274d95606cfb7aa6f5645ffe10a9dd2fb8f94e9b9678605fae9de1971bbfb4a7695c6bfe936b144b', 40, 1, 'authToken', '[]', 0, '2021-02-23 10:40:12', '2021-02-23 10:40:12', '2022-02-23 10:40:12'),
('27511277630679fd2dc00ddb12d75d2f87fbe77d3092a19e0de10d015da366ce540eb02c90215d0f', 40, 1, 'authToken', '[]', 0, '2021-03-23 06:56:11', '2021-03-23 06:56:11', '2022-03-23 06:56:11'),
('27726ec43e4058b01df15b26be803b36899ea6233cd2b3d9af44da9c3e2c54c0c089a0d6837f2a11', 55, 1, 'authToken', '[]', 0, '2021-04-05 05:19:05', '2021-04-05 05:19:05', '2022-04-05 05:19:05'),
('27b89315155a297b53c90f0616f8e27d7112df93e70601a01d9ed5c3f9b81d6d8c0c10792c5c11cf', 40, 1, 'authToken', '[]', 0, '2021-03-24 06:25:28', '2021-03-24 06:25:28', '2022-03-24 06:25:28'),
('27bb9b7934c8eb65b1a2bac597dc7fb67e0c732211e3f553157c9d12924020fc5ac41accd0d96db5', 40, 1, 'authToken', '[]', 0, '2021-02-23 11:18:53', '2021-02-23 11:18:53', '2022-02-23 11:18:53'),
('27d73693ce532a0e40e5ce2bc56b008a4a88835885b4d0bb5d0af507ae3402fde5d90c549d1a46c0', 87, 1, 'authToken', '[]', 0, '2021-04-10 13:09:45', '2021-04-10 13:09:45', '2022-04-10 13:09:45'),
('28be527d85b9b3c0ff718ae406accfcce025787eb9d78f82d3ae49f11f637ab0878bd0d138dad579', 46, 1, 'authToken', '[]', 0, '2021-02-23 10:27:10', '2021-02-23 10:27:10', '2022-02-23 10:27:10'),
('293e0682c4cc2c9b62702985dba166ef80dff531226326a9fbc7e8ab73ff962bd67d9457ceb3f2a9', 40, 1, 'authToken', '[]', 0, '2021-02-26 10:27:29', '2021-02-26 10:27:29', '2022-02-26 10:27:29'),
('29c01b6e23a79b212e0b29f16059d19ed4c24a2ece0a9e1ddbc9051317e2aa2d4f2a8286f3bac975', 40, 1, 'authToken', '[]', 0, '2021-04-05 10:10:39', '2021-04-05 10:10:39', '2022-04-05 10:10:39'),
('29d8d255d65a009af6e2dca9b2a62822a47d5afcdeba7c70e04e87740d706ed9c8550c93d3427ecd', 86, 1, 'authToken', '[]', 0, '2021-04-29 10:40:44', '2021-04-29 10:40:44', '2022-04-29 10:40:44'),
('2a2513b40a4d7ea04e20ff496bacea715942fc81913dbf00f9dd6f4524ec172d98e02480efc612f4', 40, 1, 'authToken', '[]', 0, '2021-03-23 10:28:43', '2021-03-23 10:28:43', '2022-03-23 10:28:43'),
('2a2c411c307ecb6e9062a386a21f4260916ec6ca3b37f09c033bd4f5acba1c6f55713bb4b8595a82', 40, 1, 'authToken', '[]', 0, '2021-03-05 06:07:00', '2021-03-05 06:07:00', '2022-03-05 06:07:00'),
('2a36f5ccce7e4ba5c9e9065adf6a9bced43420cb042c87e7e47c0df6b805fb3cae52688038111e4b', 46, 1, 'authToken', '[]', 0, '2021-02-19 11:16:07', '2021-02-19 11:16:07', '2022-02-19 11:16:07'),
('2a793192e871a0060db8e3d89538962a3d49a84fdd203a057f40fe526bf88d53fb6807f63ab78a63', 40, 1, 'authToken', '[]', 0, '2021-03-06 07:28:26', '2021-03-06 07:28:26', '2022-03-06 07:28:26'),
('2a8be0f3096c8834331b0f0d0389462941d7fc7a214191827d237efe714a0464ca565031dec0f5ae', 84, 1, 'authToken', '[]', 0, '2021-04-28 05:49:39', '2021-04-28 05:49:39', '2022-04-28 05:49:39'),
('2ae8cc89d34a5df726a38104fb590cd2fc3ec371d980df112b2486e32fd51879a63baf2e43ce80eb', 40, 1, 'authToken', '[]', 0, '2021-03-31 05:41:48', '2021-03-31 05:41:48', '2022-03-31 05:41:48'),
('2b156eafc747356f2e0fbd53c009cb8e9486328b33f46554fbc4e291d6042a365d9c12bee2e51181', 40, 1, 'authToken', '[]', 0, '2021-02-26 07:25:29', '2021-02-26 07:25:29', '2022-02-26 07:25:29'),
('2b44c3ab134f4e24dad02f677bb88e2998748e5067d869e22f109c0c4ba90f042fc33b1ca6aa5c8d', 40, 1, 'authToken', '[]', 0, '2021-02-19 10:03:57', '2021-02-19 10:03:57', '2022-02-19 10:03:57'),
('2b58e114d8382cbe4879475ae4e5ba3cda6aeaff8ca67a9ef262c3f55e9d77606e91096dddbabeb4', 40, 1, 'authToken', '[]', 0, '2021-02-23 11:33:23', '2021-02-23 11:33:23', '2022-02-23 11:33:23'),
('2b5c0caf973a2f2ff16ad7af0a0d90e90c6be8257fa27e04733b99f46856903952b9f3f98bc273b2', 40, 1, 'authToken', '[]', 0, '2021-03-30 10:10:33', '2021-03-30 10:10:33', '2022-03-30 10:10:33'),
('2b66e802aced71b7760b22a3219f9384b35a7d346d82bf73f635b1f3db32212fc92577e9ea4d30cc', 86, 1, 'authToken', '[]', 0, '2021-04-29 11:08:57', '2021-04-29 11:08:57', '2022-04-29 11:08:57'),
('2ba3fac07ce53e5c76e3d22740376346b7024eb4852675fa6faceb6303cc2fe08d586e64a734e362', 40, 1, 'authToken', '[]', 0, '2021-02-26 07:45:03', '2021-02-26 07:45:03', '2022-02-26 07:45:03'),
('2c15419936432033a3b1c0857bbb626be77e018ff3a49cd0e29592fded126f4409abe5f5ede1f49c', 40, 1, 'authToken', '[]', 0, '2021-02-24 07:06:12', '2021-02-24 07:06:12', '2022-02-24 07:06:12'),
('2c16132dbe147cd2a8c21f13289710f293bed3180fa6c71ac3c040f650e5107760260d25d3992f73', 40, 1, 'authToken', '[]', 0, '2021-03-27 07:57:16', '2021-03-27 07:57:16', '2022-03-27 07:57:16'),
('2c25f0d7dc36842cff383a5115b54e4eb621db5b62cbf43d7a956543d71432b3aca8bacb2fabfbd4', 40, 1, 'authToken', '[]', 0, '2021-04-05 05:47:14', '2021-04-05 05:47:14', '2022-04-05 05:47:14'),
('2c37e4debf5c8c05202ce2f3d175afc7608d5b2c0ad2a2522ab04bc9aeedbc813fdd7899015163e1', 55, 1, 'authToken', '[]', 0, '2021-04-05 05:19:06', '2021-04-05 05:19:06', '2022-04-05 05:19:06'),
('2c568e2d57219203b81652fe082858f8f7db77eb3eb7ccb62ce571abc0d16b544a66c393211146c7', 40, 1, 'authToken', '[]', 0, '2021-03-31 05:41:50', '2021-03-31 05:41:50', '2022-03-31 05:41:50'),
('2c624efb876fe5e63b897abf2328af2a866735650e498f962b44194d9ea21603597d43e653aa314a', 40, 1, 'authToken', '[]', 0, '2021-03-31 04:44:00', '2021-03-31 04:44:00', '2022-03-31 04:44:00'),
('2c693a74ad5e32b00b665e8d6e0f6a905fddd8fcaee2f41ca57dc6192909773fef5d450b7beea54e', 40, 1, 'authToken', '[]', 0, '2021-03-03 06:51:28', '2021-03-03 06:51:28', '2022-03-03 06:51:28'),
('2c6f44c826440fd3355d09f11199cf9e795471cfd19cf8fafd4f25f57ba3c26f9c5b9499aeb840df', 40, 1, 'authToken', '[]', 0, '2021-03-03 13:19:57', '2021-03-03 13:19:57', '2022-03-03 13:19:57'),
('2d0c89a22c4eb1b8632fbe2cb996e3df1313ae5d525dc5db371ec85c79c7b9c900b5fafa7c512434', 40, 1, 'authToken', '[]', 0, '2021-02-23 10:49:30', '2021-02-23 10:49:30', '2022-02-23 10:49:30'),
('2d391b5124ee388c6d9340ebde2aeb7ec10c0e5b7a9982c19f7666a9132b02cff2b0f7e1fd6ef36b', 84, 1, 'authToken', '[]', 0, '2021-04-30 06:17:39', '2021-04-30 06:17:39', '2022-04-30 06:17:39'),
('2d609cf550f5477ee03a0bf8eb5737c71100b4618429f05d4577948e089761f36b29fc4606b0bf15', 99, 1, 'authToken', '[]', 0, '2021-04-14 17:32:38', '2021-04-14 17:32:38', '2022-04-14 17:32:38'),
('2df98894edfb9c261a40890ddc1d21e568c6d11e20358d7f76affa3bce1b2a30ea9ec758aeee8a74', 86, 1, 'authToken', '[]', 0, '2021-04-29 11:05:35', '2021-04-29 11:05:35', '2022-04-29 11:05:35'),
('2e5490f8b7a7ba95b1ce7079598f5eaff38a947f27eb719ab78c0dab5edefbbf07d310dfd5a6dfbd', 87, 1, 'authToken', '[]', 0, '2021-04-28 04:59:10', '2021-04-28 04:59:10', '2022-04-28 04:59:10'),
('2ecc7f5c7ea0435fc3cb446bdb3436d3b091150af710f5061b407b3232f943ab66abd5e676a84fbe', 51, 1, 'authToken', '[]', 0, '2021-03-17 13:36:34', '2021-03-17 13:36:34', '2022-03-17 13:36:34'),
('2ed8aeda15c63cc04e99c60e8c67652aa4edaa1f283b376b11a8f73ee624516c513d1143f7b515ff', 40, 1, 'authToken', '[]', 0, '2021-02-24 07:03:25', '2021-02-24 07:03:25', '2022-02-24 07:03:25'),
('2eef1b4683bb104d33a6e9623ac0ad9950da0250a3cbc103e0640c38da63fcd04846b93fe2c4a491', 40, 1, 'authToken', '[]', 0, '2021-03-03 10:25:31', '2021-03-03 10:25:31', '2022-03-03 10:25:31'),
('2f0ea1f5b8e3f5e01ba7b1e5cb4a27efd146b52107743fd7dc526250e53c09d5a15fbaec83f102d2', 10, 1, 'authToken', '[]', 0, '2021-02-16 05:35:05', '2021-02-16 05:35:05', '2022-02-16 11:05:05'),
('2fa87cda052f5bb2154a1c38b007f7b01327dc1d591b12bfb9f91530a01ec66c287d66bb69eb0bd5', 40, 1, 'authToken', '[]', 0, '2021-03-29 13:36:55', '2021-03-29 13:36:55', '2022-03-29 13:36:55'),
('2fe25287cdf01a7f4a3707a4202251c6f1a2fc27080e42a11571a01b77268d8e816313793575e298', 40, 1, 'authToken', '[]', 0, '2021-03-01 11:23:09', '2021-03-01 11:23:09', '2022-03-01 11:23:09'),
('304884802fd3b0cea15ae3073f17038ba7666b587e34c1669783973b3623d1b0d853ca96ff82beef', 40, 1, 'authToken', '[]', 0, '2021-02-24 09:08:29', '2021-02-24 09:08:29', '2022-02-24 09:08:29'),
('30758929db0ae6ff7e75d74687bc57d2b5af1a3253abdaa797b66b04cec105eb1049f33452e9992d', 10, 1, 'authToken', '[]', 0, '2021-03-25 17:16:42', '2021-03-25 17:16:42', '2022-03-25 17:16:42'),
('30964bd6679f4ada98d6ed547c96d4613f879a6e6db6f5ee1989e10d1f7bf933ceb33b23ed11e62e', 40, 1, 'authToken', '[]', 0, '2021-03-06 07:20:22', '2021-03-06 07:20:22', '2022-03-06 07:20:22'),
('312ad67cd10dc7554fd7ec0f8edb6d9fdb5669a3f0bc9ba2ecaeb92fbec9e4e4857f095f63988b3c', 40, 1, 'authToken', '[]', 0, '2021-02-25 13:30:12', '2021-02-25 13:30:12', '2022-02-25 13:30:12'),
('316c68adfc8e328c44495ab1ead4f0614dcbb862a7f47c1aa3df522e71c3020d4efbc06c2c1493f1', 40, 1, 'authToken', '[]', 0, '2021-03-11 06:47:59', '2021-03-11 06:47:59', '2022-03-11 06:47:59'),
('323673ba8f8634dba2ac75aa37fe07b3d441d01c97a47ed14e19f9e9d0a06971f47d7142fe872056', 46, 1, 'authToken', '[]', 0, '2021-02-22 07:38:42', '2021-02-22 07:38:42', '2022-02-22 07:38:42'),
('3243db69899cbcdf65fa5a10850ea8d3bb39461676a17289578fc7029b3820b6583f3d002803296f', 40, 1, 'authToken', '[]', 0, '2021-03-22 13:15:11', '2021-03-22 13:15:11', '2022-03-22 13:15:11'),
('3251b275c3a86e96fa9ec4128ed074808338cf86e45f59d598f4be9ac569e627af8e18e43438cc40', 40, 1, 'authToken', '[]', 0, '2021-03-30 09:41:42', '2021-03-30 09:41:42', '2022-03-30 09:41:42'),
('32937ed93b7896acd2e1885fb58ac6666184f58a7b974577f2faa8922594c682ef20551583bfec8c', 40, 1, 'authToken', '[]', 0, '2021-03-01 10:13:45', '2021-03-01 10:13:45', '2022-03-01 10:13:45'),
('32e34a94d66be723eeee82a4992981551f65de1798a4285fde6fa9064ff98e0211c9e20e2464531e', 40, 1, 'authToken', '[]', 0, '2021-03-27 08:25:31', '2021-03-27 08:25:31', '2022-03-27 08:25:31'),
('331299c7d93946903a41a3bae054eabe6f2256b043fa8f1c7db84547410b4cab2d6c3361dcfa3043', 40, 1, 'authToken', '[]', 0, '2021-04-03 13:28:08', '2021-04-03 13:28:08', '2022-04-03 13:28:08'),
('335d7dc93ae7c6301b59b2195e2cc1e0808ee456904d65e35216557ef567eb1720002a9cb4332b6d', 86, 1, 'authToken', '[]', 0, '2021-04-17 08:24:15', '2021-04-17 08:24:15', '2022-04-17 08:24:15'),
('335e80b54a1402021252b5864d35c3bed162a6e1bf95385968c596a2b38b2d6f414b578da4272410', 40, 1, 'authToken', '[]', 0, '2021-03-23 09:53:50', '2021-03-23 09:53:50', '2022-03-23 09:53:50'),
('3366ea358d62854fe848673866f1ceec3560325ed12bdda8f9316b82bc37265666266fb5445c4847', 40, 1, 'authToken', '[]', 0, '2021-03-22 07:31:49', '2021-03-22 07:31:49', '2022-03-22 07:31:49'),
('339fa26bed63f3573412bafa6921076eaf462d3150dbb81ae94174d2ba3c8b1351099755780b2a43', 40, 1, 'authToken', '[]', 0, '2021-04-05 10:07:59', '2021-04-05 10:07:59', '2022-04-05 10:07:59'),
('3403621eb90a9c4b22c6dd0d316d8a8c442041bfd5707357d7c9b4e65c4c217b79ef844a8f9b6ecb', 40, 1, 'authToken', '[]', 0, '2021-02-25 07:59:07', '2021-02-25 07:59:07', '2022-02-25 07:59:07'),
('34048787d9f699efe0059ff2e843ed1520e57d732fbd426860fdae0480514ee63c49bfd58017f9d1', 86, 1, 'authToken', '[]', 0, '2021-04-29 11:33:27', '2021-04-29 11:33:27', '2022-04-29 11:33:27'),
('34355d87f89bfa64f87f477931f8c9b304143ff9355405349014c9346e6a482a780aa42fb9d95839', 40, 1, 'authToken', '[]', 0, '2021-02-25 12:52:32', '2021-02-25 12:52:32', '2022-02-25 12:52:32'),
('344e14de0caf106c4a0e6286d72e087698b595cb49afe39931d858d2a89ef6dd2a7f9e2f839577c6', 40, 1, 'authToken', '[]', 0, '2021-02-26 07:59:05', '2021-02-26 07:59:05', '2022-02-26 07:59:05'),
('3472d2b623b25999164fded91c2d79cfdf8c38e8966fe5ea13eec1dc9d575ee23fc28ee568dbede4', 40, 1, 'authToken', '[]', 0, '2021-03-17 06:47:47', '2021-03-17 06:47:47', '2022-03-17 06:47:47'),
('351bdf79533f73e19d001db6aea906e26221ae212c418a209d953df8a1201e7972907e757f984ba0', 40, 1, 'authToken', '[]', 0, '2021-02-19 10:18:40', '2021-02-19 10:18:40', '2022-02-19 10:18:40'),
('359ce6a19850d0c77804ed866930ece95fc23b5931381a420d33fb3732af068040ef532d11af43d8', 40, 1, 'authToken', '[]', 0, '2021-03-02 07:18:30', '2021-03-02 07:18:30', '2022-03-02 07:18:30'),
('36c7d87459da57bfd56dea544faa987466c2321b998bc5c99e3b05e4a135dfda81c020de00f289a2', 63, 1, 'authToken', '[]', 0, '2021-04-05 12:59:55', '2021-04-05 12:59:55', '2022-04-05 12:59:55'),
('36cb6e9c801406298fdf8cfad585d1fd192b882357f24ebd528fb81d969d65c8783ff0a042520065', 40, 1, 'authToken', '[]', 0, '2021-03-03 07:00:26', '2021-03-03 07:00:26', '2022-03-03 07:00:26'),
('370e4e757e79deca80872dfad1e4f62c187fd4d5ace481e868f0f54b23133189d7034c4244eee015', 63, 1, 'authToken', '[]', 0, '2021-04-06 06:23:05', '2021-04-06 06:23:05', '2022-04-06 06:23:05'),
('37182260f0a2ee42cc6756b5a82cd145f849c136e55503ddbb88446acc4401f54237f1837cfdf9f0', 40, 1, 'authToken', '[]', 0, '2021-03-03 13:04:50', '2021-03-03 13:04:50', '2022-03-03 13:04:50'),
('3774164100fa2456553c182876ffba7b0ff05851901e58accf0ff3fbc1ab792a6923e9f1a1f416f8', 41, 1, 'authToken', '[]', 0, '2021-03-08 09:36:42', '2021-03-08 09:36:42', '2022-03-08 09:36:42'),
('37b409da9631f47ad87bf599533e89aa1fa71f2a32f6000db12e6c65f8aae43c81a4b42c5a740065', 40, 1, 'authToken', '[]', 0, '2021-03-17 09:27:44', '2021-03-17 09:27:44', '2022-03-17 09:27:44'),
('380c7d8150d1da25147bcf1eada54b6ba069ef728ebf1fe606c7f4abd6b66a6530160ba0c1fefb91', 40, 1, 'authToken', '[]', 0, '2021-02-25 11:56:49', '2021-02-25 11:56:49', '2022-02-25 11:56:49'),
('380cb256ea73c8112271b297b50c9e1e87a391e6c47445c300687f7f2df6b6f7425963d89fc18a8a', 40, 1, 'authToken', '[]', 0, '2021-02-25 12:54:00', '2021-02-25 12:54:00', '2022-02-25 12:54:00'),
('382ec8fd30e9f308349dda8401be53ccf03b6632b3c04f4f1e71509a2eeb507760e675ca3b6d904b', 40, 1, 'authToken', '[]', 0, '2021-03-08 06:03:29', '2021-03-08 06:03:29', '2022-03-08 06:03:29'),
('385941ca64055084644d3a1daa5e60344d233afefb9f0616b0514fd7c7949a94453a5392e96880e2', 84, 1, 'authToken', '[]', 0, '2021-04-06 07:57:15', '2021-04-06 07:57:15', '2022-04-06 07:57:15'),
('3871a1c6f8788a4aa5ec3e9315fd7683468537971157ac5595fc44f5621181f66a9e642485a5b28d', 46, 1, 'authToken', '[]', 0, '2021-02-23 09:26:15', '2021-02-23 09:26:15', '2022-02-23 09:26:15'),
('3872fbf7a048e75510af0780472f155df275a358107f1152cbbe2863acdef726723d9542e62057c5', 133, 1, 'authToken', '[]', 0, '2021-04-29 08:25:19', '2021-04-29 08:25:19', '2022-04-29 08:25:19'),
('38916095959fde34a2809158c9bd63dcfdb276b7db4e862a32819a4b33fcda48492e34330d9cf821', 40, 1, 'authToken', '[]', 0, '2021-02-25 08:27:49', '2021-02-25 08:27:49', '2022-02-25 08:27:49'),
('3904e42b68bb1f4b7852533aa04e89823ae9bc00baaf5d006c595ea1f3bad1bf3966d01d1a4081c8', 54, 1, 'authToken', '[]', 0, '2021-03-17 12:59:48', '2021-03-17 12:59:48', '2022-03-17 12:59:48');
INSERT INTO `oauth_access_tokens` (`id`, `user_id`, `client_id`, `name`, `scopes`, `revoked`, `created_at`, `updated_at`, `expires_at`) VALUES
('391ce9a1cc84090949cd116646b152e0dba17a52a664395c97545a1ea249f9b85ba4770be196c35a', 40, 1, 'authToken', '[]', 0, '2021-02-23 10:59:08', '2021-02-23 10:59:08', '2022-02-23 10:59:08'),
('393e3c05e7c9b32bf6c36c4e890fb0394df3e930a977a0cde760209db50495b9bc61b4d396c2120b', 40, 1, 'authToken', '[]', 0, '2021-03-06 07:26:54', '2021-03-06 07:26:54', '2022-03-06 07:26:54'),
('39e979e9086e6e2ff6eb432e759bbb5d31629a37b6c97f5e8b3f540b375b72e613df31ba02b7eabd', 84, 1, 'authToken', '[]', 0, '2021-04-06 09:26:00', '2021-04-06 09:26:00', '2022-04-06 09:26:00'),
('39ea846ecf177fbdbc07edf837f62d3bdf2ee9f68507a360f4b54331da6c90a7f29796b19c39d812', 40, 1, 'authToken', '[]', 0, '2021-03-03 13:17:01', '2021-03-03 13:17:01', '2022-03-03 13:17:01'),
('39ee59f52a8873bc0c52233eddd3568d56754590985cef6d36bb0bd1400e50d0f2dab26301835d79', 40, 1, 'authToken', '[]', 0, '2021-02-26 06:42:51', '2021-02-26 06:42:51', '2022-02-26 06:42:51'),
('39ef02c391240208811ba8e6cddf5b98e717f8008af46abe6c9f9a535064e5135baf88336baf572d', 40, 1, 'authToken', '[]', 0, '2021-02-23 12:52:41', '2021-02-23 12:52:41', '2022-02-23 12:52:41'),
('3a07995c76ad5b13798362ad1eb94b1c004e7e8fd7c2256348d5438e7f81639224ebede6361a6015', 50, 1, 'authToken', '[]', 0, '2021-03-22 11:23:35', '2021-03-22 11:23:35', '2022-03-22 11:23:35'),
('3ad4ad8c5df7be714c19fee480382c747a5d59993c158e6c94d6ae14110e8b42154591e849f3cfa8', 40, 1, 'authToken', '[]', 0, '2021-02-23 12:52:41', '2021-02-23 12:52:41', '2022-02-23 12:52:41'),
('3afe6e673c65699099b1fa391a8308b257049cddd3ee13be4d1beaa1d87bd649cda47d46d2c0e13b', 40, 1, 'authToken', '[]', 0, '2021-02-25 11:17:56', '2021-02-25 11:17:56', '2022-02-25 11:17:56'),
('3b361b11241e1b1639cfc0d90f9da2b20a031ed4464c66293ee0b0d9914ed4862763907d5c20e19e', 40, 1, 'authToken', '[]', 0, '2021-03-23 07:31:26', '2021-03-23 07:31:26', '2022-03-23 07:31:26'),
('3b37cefa786997211a6eb2b0950cc54efe9575fc461e695bb83b66dbd83409f1f366b98b0cee717c', 40, 1, 'authToken', '[]', 0, '2021-03-02 07:21:08', '2021-03-02 07:21:08', '2022-03-02 07:21:08'),
('3baed61d5a9c4e66e938b4405fd36f484d14cb664b60dfdad6f2f6a2b7e8b88d258f24027783947f', 40, 1, 'authToken', '[]', 0, '2021-04-05 10:13:26', '2021-04-05 10:13:26', '2022-04-05 10:13:26'),
('3c2a9f26260e164adb7d77310e626d4db26e0d61fd03f666f69c1d2c8364aae337ce3cad1c37f357', 46, 1, 'authToken', '[]', 0, '2021-02-23 09:21:05', '2021-02-23 09:21:05', '2022-02-23 09:21:05'),
('3c6c344a6e8a4fb299a3987aa03d61a25478b2ae951804c18bdd220fca6d1cb02973ce86800b2b86', 40, 1, 'authToken', '[]', 0, '2021-03-31 04:44:00', '2021-03-31 04:44:00', '2022-03-31 04:44:00'),
('3c6fbb79f8672ffd11c08feec523bc5efbeb4248035433f6c7d2293284df5ea6b63972369f519b5d', 40, 1, 'authToken', '[]', 0, '2021-03-08 06:01:19', '2021-03-08 06:01:19', '2022-03-08 06:01:19'),
('3caaaab84bfa3656ba20af35cfb73fc0f856bd187e37ba2ac4e7dbc6e0f38625fb0494427deed082', 40, 1, 'authToken', '[]', 0, '2021-03-08 09:43:45', '2021-03-08 09:43:45', '2022-03-08 09:43:45'),
('3cde269890e32c57aa8410ba2541c9b74da2bd9741c773f2f88310fc69e864013782bd0fab0457cf', 40, 1, 'authToken', '[]', 0, '2021-03-03 13:22:40', '2021-03-03 13:22:40', '2022-03-03 13:22:40'),
('3d05bfa784096b65829fca38f66af2a7755474c611367277fcdae1a7eb02195f6f630b0b5c3dccfe', 50, 1, 'authToken', '[]', 0, '2021-03-23 05:54:16', '2021-03-23 05:54:16', '2022-03-23 05:54:16'),
('3ddf3ced7dffbdd2c34f8f82e714c2da793d33237f07951ad2a013f88331056c7fa6aa817b698256', 40, 1, 'authToken', '[]', 0, '2021-02-23 11:41:13', '2021-02-23 11:41:13', '2022-02-23 11:41:13'),
('3df56e93bf8d121b84e17e45176e22ca5eb2225ae2af92010e3ba2c09c1801a7c55fb997c3415fb9', 40, 1, 'authToken', '[]', 0, '2021-02-25 13:35:47', '2021-02-25 13:35:47', '2022-02-25 13:35:47'),
('3e0f54b513b20d94d747b243af1e192d4276cc395278e0072f1d18ed1c2aee731d5daa2973d8cba2', 40, 1, 'authToken', '[]', 0, '2021-03-08 08:03:21', '2021-03-08 08:03:21', '2022-03-08 08:03:21'),
('3e956681b14f2696a5b10384ca3ce6c635184fa09596586525da7785a48b3682ebb755396b44d711', 40, 1, 'authToken', '[]', 0, '2021-04-02 04:25:03', '2021-04-02 04:25:03', '2022-04-02 04:25:03'),
('3e97df9ea908ef971a03aa70bbb5b90fe7fa9a4a45a87b97db36a0dc8f9907f56d4b3d01c4197887', 115, 1, 'authToken', '[]', 0, '2021-04-15 13:28:50', '2021-04-15 13:28:50', '2022-04-15 13:28:50'),
('3eb864439b9177009a76a3f3934070796992d338127f372089719e187a7357f9db151ea10d19d9ad', 51, 1, 'authToken', '[]', 0, '2021-03-10 07:15:11', '2021-03-10 07:15:11', '2022-03-10 07:15:11'),
('3ee3916db2dba7af86bbd98b12af906a8829b6e3a9c14295570bdebd5070fed0e40962c9980174f5', 40, 1, 'authToken', '[]', 0, '2021-03-05 06:09:09', '2021-03-05 06:09:09', '2022-03-05 06:09:09'),
('3ef2254011476c0aeb114ef372864cc623ce2b4345e9a476b33d63fb30dceee938ce0e175da38543', 40, 1, 'authToken', '[]', 0, '2021-03-02 07:25:24', '2021-03-02 07:25:24', '2022-03-02 07:25:24'),
('3f16e757acfe9b8299d32ee4e45be8fd32cca457eb9537fd29522f5a30880a49bde292e02e96a94e', 46, 1, 'authToken', '[]', 0, '2021-02-22 12:51:10', '2021-02-22 12:51:10', '2022-02-22 12:51:10'),
('3f96299cadf7524ecb4f618a4127bafe21cd8ca5b80aa8516fca1e7d35c7e701cb75417805db7c9b', 50, 1, 'authToken', '[]', 0, '2021-03-10 07:12:19', '2021-03-10 07:12:19', '2022-03-10 07:12:19'),
('3fbd6d50261934b811595adced440bdf22a809b10396d85e192ed32c41528b142e56ecf52bb937aa', 40, 1, 'authToken', '[]', 0, '2021-03-10 06:45:39', '2021-03-10 06:45:39', '2022-03-10 06:45:39'),
('3fe763dd7e632a106122b1c1be79037705d9e201bc77d977cf4d49d4f111309d84c913cfdaac2c52', 40, 1, 'authToken', '[]', 0, '2021-03-17 07:38:27', '2021-03-17 07:38:27', '2022-03-17 07:38:27'),
('4047c4c39d4634a69652ac8541cdb0872627bc3fa30b6fc0b6e8eb2a968a3989094a92a8dcbce80f', 63, 1, 'authToken', '[]', 0, '2021-04-05 12:54:01', '2021-04-05 12:54:01', '2022-04-05 12:54:01'),
('4049099f68249df5577c2d9ade2192ef743c7da0988a80b2bb518befb05610bc51dc119e28a56ddd', 40, 1, 'authToken', '[]', 0, '2021-03-01 08:08:43', '2021-03-01 08:08:43', '2022-03-01 08:08:43'),
('405536d64e63be0c0df23f3071a766538de0c8d2eda290151836761b874afe38364a06336495617a', 41, 1, 'authToken', '[]', 0, '2021-02-19 10:22:42', '2021-02-19 10:22:42', '2022-02-19 10:22:42'),
('4068b9d44bb1bacf040901ce7523c07a1e9a6353457ae1fc3c076e01f412b495eeeb0c75bfd246f5', 133, 1, 'authToken', '[]', 0, '2021-04-29 08:30:01', '2021-04-29 08:30:01', '2022-04-29 08:30:01'),
('407bb785511fab1103e88532dfc128378f52d11017aa257c57e49e6eecfe0003c57b038b51be86f9', 40, 1, 'authToken', '[]', 0, '2021-03-03 06:00:43', '2021-03-03 06:00:43', '2022-03-03 06:00:43'),
('40c35996672643d15581ab00fa6cc5d7a273443e1aca1316cf85140f14fd4e9d76e44e2a02d501f9', 40, 1, 'authToken', '[]', 0, '2021-02-23 10:44:33', '2021-02-23 10:44:33', '2022-02-23 10:44:33'),
('40c99ddf937db6761224bc1160704eb0947cb98a6a5021bc3c7e0d315bafd37565e7689609afc923', 40, 1, 'authToken', '[]', 0, '2021-02-23 11:20:57', '2021-02-23 11:20:57', '2022-02-23 11:20:57'),
('4169b4c958f78a987d0d0b688998c9372e7138150284f3651cf06d562cadc82d4dd75457e478b940', 40, 1, 'authToken', '[]', 0, '2021-03-19 06:05:27', '2021-03-19 06:05:27', '2022-03-19 06:05:27'),
('41755c0930f024c8869faddfdd5b3427389d4e8063d41e2b1bbf24288a541e1a7c7b657616da6402', 50, 1, 'authToken', '[]', 0, '2021-03-23 05:52:08', '2021-03-23 05:52:08', '2022-03-23 05:52:08'),
('418454f26c3ff6092b5c0c1ecd49202bb3c8e586aa25be117761960795216a4ac9ec64f664e0ce74', 40, 1, 'authToken', '[]', 0, '2021-03-04 06:27:38', '2021-03-04 06:27:38', '2022-03-04 06:27:38'),
('41d1016b1b48486c0988737cd5fa4c5b6c39b9fd24a0a5ccd81f65812a9326202bc9a71ee58a44ce', 40, 1, 'authToken', '[]', 0, '2021-03-01 08:14:58', '2021-03-01 08:14:58', '2022-03-01 08:14:58'),
('41ec52ea43cdc3fa5e00a54c7cc9eba38ba90036cc85debbd5b7cebc902e845f643f9c4016d84b1b', 40, 1, 'authToken', '[]', 0, '2021-03-02 07:06:33', '2021-03-02 07:06:33', '2022-03-02 07:06:33'),
('41edf5340c156b30c660947d90854736df1e83a006db89a06dbe8ee79917e9603dea0c335608d365', 10, 1, 'authToken', '[]', 0, '2021-03-27 12:10:30', '2021-03-27 12:10:30', '2022-03-27 12:10:30'),
('42074401dc300e5a9602082c2b04409c8918de28636300aedc939b624dd1c2126eddfb059bc36f20', 46, 1, 'authToken', '[]', 0, '2021-02-23 09:29:39', '2021-02-23 09:29:39', '2022-02-23 09:29:39'),
('424c9529ab9669967cb255e449d55820f4f7df727d0c48b40119e9adcfd2278e30e99d85c92dbac2', 40, 1, 'authToken', '[]', 0, '2021-04-03 07:28:50', '2021-04-03 07:28:50', '2022-04-03 07:28:50'),
('42a98c64e8bc4e2342dc009e5933934bca85e96a3041adbad59338d7a01b8a79125b5a989aa2444f', 40, 1, 'authToken', '[]', 0, '2021-03-31 04:44:00', '2021-03-31 04:44:00', '2022-03-31 04:44:00'),
('43bc91836f4663d502f9239a3fa21f8560acd63e49a36d606db376180997e585affac498f91c4eff', 40, 1, 'authToken', '[]', 0, '2021-02-24 07:03:25', '2021-02-24 07:03:25', '2022-02-24 07:03:25'),
('43ef3e050c5e8366f28bbb41a8009047e8c9db590b15f3c95e21508ea4480ecd0704d137b34cd471', 40, 1, 'authToken', '[]', 0, '2021-02-23 13:36:25', '2021-02-23 13:36:25', '2022-02-23 13:36:25'),
('4436ee4a992b2400b34347de9b524804aa1684f0f9c2347dcd619f143826a792047ac2b96fb72db4', 55, 1, 'authToken', '[]', 0, '2021-03-22 13:39:47', '2021-03-22 13:39:47', '2022-03-22 13:39:47'),
('447dde08d15e269240da1dad96952762e5dffec921ed7d39953df0f297a5b3d8b08aecea2c5cf91c', 63, 1, 'authToken', '[]', 0, '2021-04-05 12:10:44', '2021-04-05 12:10:44', '2022-04-05 12:10:44'),
('4488488ea555f5e6165ca270e526365ffebc03718a988109ad403204eee7cedd068fc421c4b95282', 55, 1, 'authToken', '[]', 0, '2021-03-22 13:23:42', '2021-03-22 13:23:42', '2022-03-22 13:23:42'),
('44d3f21a42646c54e6a4d00a8fc4dff9e1fb781d4c19f3ab9f1066966cf02c4e4a2249beaa91c1b0', 55, 1, 'authToken', '[]', 0, '2021-03-25 12:50:35', '2021-03-25 12:50:35', '2022-03-25 12:50:35'),
('45a5d0d513ac3e2d7273b8c336a38f891c6ea449141c6c49eae7a9d4f4f7474829c996ce474955a0', 84, 1, 'authToken', '[]', 0, '2021-04-07 05:38:04', '2021-04-07 05:38:04', '2022-04-07 05:38:04'),
('45e9d605d845d74d39e5880062ab961da106f0296fd9d6668b1563e0deff16f7d79ccc81d346283b', 40, 1, 'authToken', '[]', 0, '2021-03-11 10:20:41', '2021-03-11 10:20:41', '2022-03-11 10:20:41'),
('4600921c7f8af0460b3ef5440b76acf3dfa9147b631eeb29f98dcb812b9cb4a4fbadadc586fed634', 50, 1, 'authToken', '[]', 0, '2021-03-23 05:52:08', '2021-03-23 05:52:08', '2022-03-23 05:52:08'),
('4728e38fa6d94f959e8421d18d36e734b9019a847ca8cb0e4f8e41003515da8afb023ce4e3180c20', 40, 1, 'authToken', '[]', 0, '2021-03-11 10:37:55', '2021-03-11 10:37:55', '2022-03-11 10:37:55'),
('472d0da282715c820dd52847bf3ccf8affaa2b19d9cc056cafd25a44eec1fd6b7ed9a8381ceea34c', 40, 1, 'authToken', '[]', 0, '2021-02-24 07:59:42', '2021-02-24 07:59:42', '2022-02-24 07:59:42'),
('479ffbc2267594cbdb1a1ce8e30856ffcf17642afe14fd6a34cc523355ef11e404454f494e46ee0a', 40, 1, 'authToken', '[]', 0, '2021-03-01 13:25:32', '2021-03-01 13:25:32', '2022-03-01 13:25:32'),
('47f6cea8492598c4d8ff06c4c6bc6acbdaf68f2cb1952cf25b2543360e2409f9553c5a452234585e', 40, 1, 'authToken', '[]', 0, '2021-03-08 11:27:36', '2021-03-08 11:27:36', '2022-03-08 11:27:36'),
('487eb3da055afadfcf6cf09a42920986a1b46e967d52d71d10d347e0acffb0d28ff97719a3b74319', 97, 1, 'authToken', '[]', 0, '2021-04-12 05:36:42', '2021-04-12 05:36:42', '2022-04-12 05:36:42'),
('49b497658551fd74cf7e4226d18cdf7beb4105936dffe773360df8088b7c2c53cdbb8bd736211648', 84, 1, 'authToken', '[]', 0, '2021-04-29 12:26:57', '2021-04-29 12:26:57', '2022-04-29 12:26:57'),
('49e0ffdc0c00b6690b3c0496a9d2406f99d32c8ab1bdf6ab0858148c1c32c26b8b24a2fb71bfaf70', 40, 1, 'authToken', '[]', 0, '2021-03-11 06:49:36', '2021-03-11 06:49:36', '2022-03-11 06:49:36'),
('4a658cfb6d7bdf12600bf84126de6db06609887949e4c8883540d0998c60dbac3401d97e936ae5de', 40, 1, 'authToken', '[]', 0, '2021-04-05 09:02:46', '2021-04-05 09:02:46', '2022-04-05 09:02:46'),
('4a9c5773b835cbf87569bb7b33ca5dd0ec42b3de5d85a5e9cac32574ec2629cde0e56e75001fcad8', 40, 1, 'authToken', '[]', 0, '2021-03-11 10:05:35', '2021-03-11 10:05:35', '2022-03-11 10:05:35'),
('4a9e19f0e7b3eda9c8e940d283e45a32cb6bcc75be30204301c2de8766225861ee620f03e9abaa41', 10, 1, 'authToken', '[]', 0, '2021-03-23 10:57:35', '2021-03-23 10:57:35', '2022-03-23 10:57:35'),
('4aa9b45101cd7a1108bb4cd95a6945f994c655533a1abc1119acffb243418f4be90864d80bd15727', 40, 1, 'authToken', '[]', 0, '2021-03-23 11:00:11', '2021-03-23 11:00:11', '2022-03-23 11:00:11'),
('4aaab6bcbee43d896d0b877c047effa1eba6c38098d97185fdd0a690ec9bf7fb4b5557e13a6833e5', 40, 1, 'authToken', '[]', 0, '2021-02-23 13:44:32', '2021-02-23 13:44:32', '2022-02-23 13:44:32'),
('4b46787891b52cfb50728ea1daa08dacafb6343c21be9928b79fd47ba7e04097414dabf1fa66cdc7', 55, 1, 'authToken', '[]', 0, '2021-03-22 13:23:24', '2021-03-22 13:23:24', '2022-03-22 13:23:24'),
('4b8a45ae2abbbf1b28978f4c7e9906ff00dad264ad691d78007c85ddab782b1f11b9b4703f0a4992', 40, 1, 'authToken', '[]', 0, '2021-03-18 05:51:48', '2021-03-18 05:51:48', '2022-03-18 05:51:48'),
('4ba9e9355f2a2a0a83a8a3fe97a1d1a27c158b0f94d07a97fd6d1b55b45f1e6d1c458a43f4b1cd5d', 84, 1, 'authToken', '[]', 0, '2021-04-06 10:07:02', '2021-04-06 10:07:02', '2022-04-06 10:07:02'),
('4c068dad2ddde1ac24ba52f4f6004e6616c486cad8525ebf716e1e4a3f65078a3f325ecc548f1d7e', 40, 1, 'authToken', '[]', 0, '2021-03-01 14:02:28', '2021-03-01 14:02:28', '2022-03-01 14:02:28'),
('4c201580f2d247bd18bc733794dbdd9d927556d1f2057f5e744e8dde90da97e6ce39df43f841a381', 40, 1, 'authToken', '[]', 0, '2021-03-04 06:28:49', '2021-03-04 06:28:49', '2022-03-04 06:28:49'),
('4c413ab3665c774521ce518b38ea6c014eb01a299735acc66365b5ca568aa6d1a25ba019c7956ce0', 40, 1, 'authToken', '[]', 0, '2021-03-17 06:49:24', '2021-03-17 06:49:24', '2022-03-17 06:49:24'),
('4ccd240cf498793d90f0145afc383e4ee1e698b01a0704b1e44443ae6f14f56d69b0ba36883ff5d9', 40, 1, 'authToken', '[]', 0, '2021-03-11 07:58:40', '2021-03-11 07:58:40', '2022-03-11 07:58:40'),
('4cd6cc8990cff73974acf33d2d8cec7c1c1315325aae1d7efb4f318a1e840e3c768f55a0037d5bdb', 40, 1, 'authToken', '[]', 0, '2021-03-01 14:06:35', '2021-03-01 14:06:35', '2022-03-01 14:06:35'),
('4d2348a8eb397ba902e0a684b40aa4a3e643a0edc682a8b6616d3e2e4e84bd53cf462907da78f2a9', 40, 1, 'authToken', '[]', 0, '2021-04-05 05:36:07', '2021-04-05 05:36:07', '2022-04-05 05:36:07'),
('4d330f387d373514b4f85427f3dd0dd513096b7403661b94d9e64224765e66ecd03c645fc83d79ab', 40, 1, 'authToken', '[]', 0, '2021-02-22 12:12:19', '2021-02-22 12:12:19', '2022-02-22 12:12:19'),
('4d6d1d48a59f77b9f83a0d26a160e134877bf7ae70a278bcff9e96c3d130cbfd9c74e9a9cd82ede2', 40, 1, 'authToken', '[]', 0, '2021-03-03 06:54:47', '2021-03-03 06:54:47', '2022-03-03 06:54:47'),
('4dbf880e90d224066a31ce4081a610dc59821a6ce8a7278c4d76e49bd9fdacb93f7978961cabf040', 51, 1, 'authToken', '[]', 0, '2021-03-23 09:35:12', '2021-03-23 09:35:12', '2022-03-23 09:35:12'),
('4debef8cb48e5189e378733ff82b80f7d06038b84de23e5854b51bf85c838ea132999b6a43de9a3c', 40, 1, 'authToken', '[]', 0, '2021-03-11 07:17:54', '2021-03-11 07:17:54', '2022-03-11 07:17:54'),
('4e6fb399d342c492c7faf14df1474f2e0c4e8217fc361357ef082a9f8dc883839a854ac028db66e6', 40, 1, 'authToken', '[]', 0, '2021-03-08 06:48:52', '2021-03-08 06:48:52', '2022-03-08 06:48:52'),
('4e9647ae64685748267a9b50cf8c8a9a3e8f68d3db5fa527f6fdd68976f1a0facca40c36f658ea13', 84, 1, 'authToken', '[]', 0, '2021-04-07 04:55:26', '2021-04-07 04:55:26', '2022-04-07 04:55:26'),
('4eaf0f3bd69abc7254c6bb1e085fdaaa73733a8a1c6f4677cc0b968481990dad6e2e7c43862f65ea', 40, 1, 'authToken', '[]', 0, '2021-03-09 05:42:47', '2021-03-09 05:42:47', '2022-03-09 05:42:47'),
('4ec1aeb9df8af1ec2d00901bbfd82092e0b6b33b5410e9130ab333a8abc2f2eed709eb4bcaf547ce', 86, 1, 'authToken', '[]', 0, '2021-04-17 08:36:07', '2021-04-17 08:36:07', '2022-04-17 08:36:07'),
('4ed7199233a3c489d0f5548959631afba6f490addfcf65df564a6ba5acb711f58286851aa73b3a1f', 50, 1, 'authToken', '[]', 0, '2021-03-17 11:46:25', '2021-03-17 11:46:25', '2022-03-17 11:46:25'),
('4f0d83547286c3efbd41cedadd41eca52ebc559f57252cc4f91a4095ca7e84da306f600736af4fc9', 40, 1, 'authToken', '[]', 0, '2021-03-17 06:21:16', '2021-03-17 06:21:16', '2022-03-17 06:21:16'),
('4f4c9302c5f1435781a60f91919aa02d96e553f36f22ffd5f4f17840b4905828872f22186adb140e', 46, 1, 'authToken', '[]', 0, '2021-02-22 09:22:51', '2021-02-22 09:22:51', '2022-02-22 09:22:51'),
('4f57e32abf1bc74e77f16f43b7819370f78d511bc64014b4e3aaca2512d0e601807d675f7336e748', 40, 1, 'authToken', '[]', 0, '2021-03-06 10:06:48', '2021-03-06 10:06:48', '2022-03-06 10:06:48'),
('4f5a297fbb3760d177eb0bc5d864c0de893e9cce374fdb1190de481e081fbf7a5faa202267d1a4c2', 40, 1, 'authToken', '[]', 0, '2021-02-26 07:43:21', '2021-02-26 07:43:21', '2022-02-26 07:43:21'),
('4ffcebcba648431555ba1b1e2ae939d10b9e4c99f089b1da23d42fb7b6b6dec78937dac8b223c473', 86, 1, 'authToken', '[]', 0, '2021-04-17 08:23:10', '2021-04-17 08:23:10', '2022-04-17 08:23:10'),
('501ef507f2a7e23f3bac2f2c703738ce3dcc5afa7495ee5f950483d9ee616388ad89ca73891c03f3', 40, 1, 'authToken', '[]', 0, '2021-03-10 06:42:16', '2021-03-10 06:42:16', '2022-03-10 06:42:16'),
('504c90f267ecf01670cbbe23702ef86541f81ada8f69c3c992083d83988453f4cd287ff31e2a099f', 48, 1, 'authToken', '[]', 0, '2021-03-08 09:32:54', '2021-03-08 09:32:54', '2022-03-08 09:32:54'),
('5069306c33d433a771d4b096f31e9742eb34d25fb6f379d052a7c5562f810f4e71b1139a22b874e4', 40, 1, 'authToken', '[]', 0, '2021-03-01 07:32:45', '2021-03-01 07:32:45', '2022-03-01 07:32:45'),
('5088b309b4b8682ef7b9d99e5945fca4a23d8878fe3dfe91310fbc74ce880cd2d2ef9b0a72f01178', 63, 1, 'authToken', '[]', 0, '2021-04-06 06:27:59', '2021-04-06 06:27:59', '2022-04-06 06:27:59'),
('50a257afaf0229c570a9190ad7df56fc1aacceafbf8ea6c99528e9ada9ec18432a63f5874244b10f', 7, 1, 'authToken', '[]', 0, '2021-02-16 05:15:36', '2021-02-16 05:15:36', '2022-02-16 10:45:36'),
('50ddf7ac781e6ffe252c5365815182736e85d98af530de42d2b9a78c1fd25f5e246f3e5dc0f60322', 40, 1, 'authToken', '[]', 0, '2021-03-27 08:23:52', '2021-03-27 08:23:52', '2022-03-27 08:23:52'),
('515ebe9c9eb441c75888c99743b4dc1ec5217e0f09c071eb7b61d9017a7561ed3d31fada24d60e9a', 40, 1, 'authToken', '[]', 0, '2021-03-22 12:00:57', '2021-03-22 12:00:57', '2022-03-22 12:00:57'),
('5173adc39c2216c5222d78e2f53fe85cafc99becebf9db0dc93fea8641ddefa404d8b9bd675ab843', 40, 1, 'authToken', '[]', 0, '2021-03-03 13:17:47', '2021-03-03 13:17:47', '2022-03-03 13:17:47'),
('5193788c090594908fb9031856d5197485f6ea74025ff1c7dbe6df430c2a6ee9aef1804876dbe941', 40, 1, 'authToken', '[]', 0, '2021-03-20 07:46:08', '2021-03-20 07:46:08', '2022-03-20 07:46:08'),
('51c6ba297246e726a4f9c31d66f2355caa1f31ae01ab242faf8e600dc8a5fc371540db1f72b4f517', 40, 1, 'authToken', '[]', 0, '2021-03-31 08:02:39', '2021-03-31 08:02:39', '2022-03-31 08:02:39'),
('5252a21db5fede3a49fe6d78f503fd1b9392582103f0a1b336384d1f67b45ef2ec5bf69441cecbdb', 62, 1, 'authToken', '[]', 0, '2021-04-06 05:59:16', '2021-04-06 05:59:16', '2022-04-06 05:59:16'),
('52586c95d3d491f2cddbb18d8cf4595ee38950c84d280e703b998f56b6a91b538f79b0131df692d1', 40, 1, 'authToken', '[]', 0, '2021-03-27 11:43:36', '2021-03-27 11:43:36', '2022-03-27 11:43:36'),
('528755eff34af0be5cd36e034de53fe2b6581eae0a2370667b936e121c891951422aeee9fa6a3b72', 55, 1, 'authToken', '[]', 0, '2021-04-05 05:18:53', '2021-04-05 05:18:53', '2022-04-05 05:18:53'),
('528b2c1001d856853cd3eb0767679d8c160b2b1f6e1190ab5d9f1b04a8494f867bcde0ea97ea0eec', 63, 1, 'authToken', '[]', 0, '2021-04-06 04:31:43', '2021-04-06 04:31:43', '2022-04-06 04:31:43'),
('52e396ddca0b66bdbf7fc443336b3837bfa1a49e086b00fffe17bdb10291ebc4cd5aea6c697d2460', 10, 1, 'MyApp', '[]', 0, '2021-02-16 14:31:07', '2021-02-16 14:31:07', '2022-02-16 20:01:07'),
('536dedea0a76814df9aa9b12ea4e9216c5e43f78e08b35535c2bf816833740ab51a9dd8c509a47ba', 10, 1, 'authToken', '[]', 0, '2021-02-18 02:09:50', '2021-02-18 02:09:50', '2022-02-18 07:39:50'),
('53bbde755bf0f2970ce4b31f3f9bd0d8d90d3af3f97da43513597c40f5582dfec59f0517b6dbc340', 40, 1, 'authToken', '[]', 0, '2021-02-23 13:06:07', '2021-02-23 13:06:07', '2022-02-23 13:06:07'),
('53c752d887382d040f5553b75b407b346d121e1ecb9b8341f1a3987675dce05d3078e2e2c39ce5df', 40, 1, 'authToken', '[]', 0, '2021-03-11 08:28:06', '2021-03-11 08:28:06', '2022-03-11 08:28:06'),
('53dfc9067359dfd9a57ea372962cf34646b59db1b60297e401e26cd0a94e4669761765814354f59b', 105, 1, 'authToken', '[]', 0, '2021-04-14 18:21:51', '2021-04-14 18:21:51', '2022-04-14 18:21:51'),
('53e43883829500abae0b7538a79664ed018e052e6bb0a30aec23de0864d19c5647e179bac60d3718', 40, 1, 'authToken', '[]', 0, '2021-03-01 11:35:27', '2021-03-01 11:35:27', '2022-03-01 11:35:27'),
('5483c81c53828eb6104f6dd4cc93c1af62c89825e46d1b869186da1e535eb416ab05a090758324e7', 40, 1, 'authToken', '[]', 0, '2021-03-27 11:58:36', '2021-03-27 11:58:36', '2022-03-27 11:58:36'),
('548fd873da9d8938c4a2cf2504d1cbdcb30238e45c4addf4d263e3515ab81bbbff0650e36fdc27a5', 40, 1, 'authToken', '[]', 0, '2021-03-06 09:37:59', '2021-03-06 09:37:59', '2022-03-06 09:37:59'),
('549bd3cbc633bfc949f39443ab7603b35f35b5ba095696d57577b40532f2f06cf71341067fa47ec4', 40, 1, 'authToken', '[]', 0, '2021-03-31 05:29:49', '2021-03-31 05:29:49', '2022-03-31 05:29:49'),
('54b18c6c065154bbf154a548009acf4d98860064db564ab2efdcaeb14e9ad017e57d45f318c4c23d', 86, 1, 'authToken', '[]', 0, '2021-04-17 08:22:37', '2021-04-17 08:22:37', '2022-04-17 08:22:37'),
('54c23687e466bba7565bcd837ab97f9bf385ea4ee9087530a63d1ad0ca68512a13c7835976c89873', 40, 1, 'authToken', '[]', 0, '2021-04-05 05:23:37', '2021-04-05 05:23:37', '2022-04-05 05:23:37'),
('550cd54359109fc372ab8e210018ea23aee8ed3ae34aa688d26eb8fe01c43b3a3d9899330f4a530a', 40, 1, 'authToken', '[]', 0, '2021-04-05 05:19:06', '2021-04-05 05:19:06', '2022-04-05 05:19:06'),
('55548769a73b4e3b890e2185403d1a5dbbfc986d4f53f6dc156fcc7de70c5e7326832de4be8796da', 40, 1, 'authToken', '[]', 0, '2021-04-05 05:21:14', '2021-04-05 05:21:14', '2022-04-05 05:21:14'),
('55b37cc8001fab4042a6780d43d6c414033809ecbc0a4417bec439ed95e39d1afb63650ed9f712c6', 40, 1, 'authToken', '[]', 0, '2021-03-02 07:08:34', '2021-03-02 07:08:34', '2022-03-02 07:08:34'),
('56526414c2c2043b5ea296c0ef1a4af26a88b0e6ca7e5731f8364ee143936722cdf9fc4c3aacf24f', 40, 1, 'authToken', '[]', 0, '2021-03-31 05:41:51', '2021-03-31 05:41:51', '2022-03-31 05:41:51'),
('565f900193b203a09cec6afcce6129277d1192da65299d81b0bdd01c372264e031fe8cf4a1608418', 40, 1, 'authToken', '[]', 0, '2021-03-27 09:51:00', '2021-03-27 09:51:00', '2022-03-27 09:51:00'),
('56bd03ba0a7c615e0cd31fcc3dd3d0d0fb9615e2e5b77dace7fe5b3a364072af27553b6a62b14254', 40, 1, 'authToken', '[]', 0, '2021-02-26 07:23:42', '2021-02-26 07:23:42', '2022-02-26 07:23:42'),
('56cf335cde323334729ee0a68f30119d5bf0b0257d0ed290636d1b5e7e787356b42bb92d25004cf0', 55, 1, 'authToken', '[]', 0, '2021-03-27 06:00:37', '2021-03-27 06:00:37', '2022-03-27 06:00:37'),
('56e628ea846a00b3e084504fcab841961947a195ab78e053102b5ec1dea06fce75cc9ba2fd6eb241', 40, 1, 'authToken', '[]', 0, '2021-03-23 10:02:15', '2021-03-23 10:02:15', '2022-03-23 10:02:15'),
('5739d2eca48e3051d6f42f174e05c0ce3f782d1ed388ea62685ee5481f7717b917ffaef7ca27d036', 40, 1, 'authToken', '[]', 0, '2021-04-05 05:23:36', '2021-04-05 05:23:36', '2022-04-05 05:23:36'),
('5741ebb20489007d3efbb9977ce2b693b95e9e3ddca6b6a64c3a1742dd93e0efc67a81d29a5484c8', 86, 1, 'authToken', '[]', 0, '2021-04-18 08:21:48', '2021-04-18 08:21:48', '2022-04-18 08:21:48'),
('58ab6fb817854746025f9d68e1946a3315657a669b1171dd008772a0b687b7601ce5fb72c62492f8', 40, 1, 'authToken', '[]', 0, '2021-02-23 12:19:06', '2021-02-23 12:19:06', '2022-02-23 12:19:06'),
('58d3f4ee74f440e50f7940881e66c76a2833edba601a5286f0af9a816811b2a8c0989bb2db991bcb', 40, 1, 'authToken', '[]', 0, '2021-02-24 07:04:52', '2021-02-24 07:04:52', '2022-02-24 07:04:52'),
('592dc28696db5bea912dcca1cc5183f29990eabf92f046b483ce165863c268746437586a4db43b6d', 10, 1, 'authToken', '[]', 0, '2021-02-18 01:33:17', '2021-02-18 01:33:17', '2022-02-18 07:03:17'),
('593a0c2df88be828930c4798a35554be8dcbf353e5b90ef613b361d4e95323283064152079970822', 40, 1, 'authToken', '[]', 0, '2021-03-06 09:28:38', '2021-03-06 09:28:38', '2022-03-06 09:28:38'),
('5a47dc9dc9594fabd582a5b5ba413023fb8575bbfe255328a8d39ae2f9f6384604cdaeb51d698288', 49, 1, 'authToken', '[]', 0, '2021-03-08 09:50:43', '2021-03-08 09:50:43', '2022-03-08 09:50:43'),
('5af971ffeb31874bdf28c1bb1ae5860c0404bbc77f2461c763a477f133b64dbdcb5a11f31a726a47', 40, 1, 'authToken', '[]', 0, '2021-03-11 08:11:29', '2021-03-11 08:11:29', '2022-03-11 08:11:29'),
('5b688d4aec4fdee25c0425c5c7a3e83a25a02989800c25cf08c19a8dd405036a0e0ce3f50cf9ffc3', 84, 1, 'authToken', '[]', 0, '2021-04-06 07:24:36', '2021-04-06 07:24:36', '2022-04-06 07:24:36'),
('5b740a7bdeccf8a3059c981dc3e206689b9eee7fccd2cd0eb8c3c0b9fad19a779d2682eda79a3ae4', 40, 1, 'authToken', '[]', 0, '2021-03-06 07:42:41', '2021-03-06 07:42:41', '2022-03-06 07:42:41'),
('5b8fae2fa6e14f9f4f8e1a384f71b87be5cf4119a358c1e8efec2353d3a9271f3e00ee714929a113', 40, 1, 'authToken', '[]', 0, '2021-03-23 10:26:32', '2021-03-23 10:26:32', '2022-03-23 10:26:32'),
('5badc5b6408e523b1365f5a566b278f5fe6c3eca75556cbb12850916528811945f2d5a599ed09de0', 86, 1, 'authToken', '[]', 0, '2021-05-03 17:37:26', '2021-05-03 17:37:26', '2022-05-03 17:37:26'),
('5c0089f3e4fe4c71923e9cada7d2969faeccf90d6b4946eb87d26b9e269b5411f3785496ca0b828c', 40, 1, 'authToken', '[]', 0, '2021-03-06 06:41:52', '2021-03-06 06:41:52', '2022-03-06 06:41:52'),
('5c1984414c346ef2c72c2546f5eeca63d14d62cdc6169db8ceece93da2cfe69ee1f6505fa587a438', 55, 1, 'authToken', '[]', 0, '2021-04-05 05:19:05', '2021-04-05 05:19:05', '2022-04-05 05:19:05'),
('5c3dbf1c3d6c75f0d8aeb17131fd704b37d606c7f61456fc9a295fd0a33bc8f2d83078314b55001d', 40, 1, 'authToken', '[]', 0, '2021-03-23 07:33:30', '2021-03-23 07:33:30', '2022-03-23 07:33:30'),
('5c42a58460eb61d1cfc3310d9fbc0b78628647b8bec2ab1acb8813ca7c083216b16d902bb3568f49', 102, 1, 'authToken', '[]', 0, '2021-04-14 17:45:49', '2021-04-14 17:45:49', '2022-04-14 17:45:49'),
('5c5ff6dda44ca24a9fc5aa56b2b84b3bebf4b0caa01a0d7d444470a92b417836250f750bed337c49', 55, 1, 'authToken', '[]', 0, '2021-04-05 05:18:53', '2021-04-05 05:18:53', '2022-04-05 05:18:53'),
('5ca3d5be71ce1533dafe35d55d1adfc432303401d184b232d1a5d778d0395c048cbb0363d707ee15', 40, 1, 'authToken', '[]', 0, '2021-03-30 07:30:00', '2021-03-30 07:30:00', '2022-03-30 07:30:00'),
('5d1281677816dcb69dc764d439ce6ea7d21d952494e5266820c001599e776d7fc7e4734d563bcce4', 40, 1, 'authToken', '[]', 0, '2021-04-03 06:41:35', '2021-04-03 06:41:35', '2022-04-03 06:41:35'),
('5d1f2734f87c7faf80b3825216e8760e3166843321f4e3f99b4cec4b161edc9683aa06cf57e5145e', 40, 1, 'authToken', '[]', 0, '2021-03-02 07:31:24', '2021-03-02 07:31:24', '2022-03-02 07:31:24'),
('5d6f8e53cdfa3145de57791dcf7d0d8bf9c0d1f5aa0860443cf94c42ae05acacdf7a3bec94c45281', 62, 1, 'authToken', '[]', 0, '2021-04-05 12:50:17', '2021-04-05 12:50:17', '2022-04-05 12:50:17'),
('5e0b12ca1e3c59f4efc4f0983e9771a0db9ed09231bf5e95f7e84273b301214dea5a1213d3dba25a', 40, 1, 'authToken', '[]', 0, '2021-03-02 07:01:02', '2021-03-02 07:01:02', '2022-03-02 07:01:02'),
('5e4e6a47e3480f7b22aa2ca659ba9b357433fa6ddf89d0c54c20648c0cb673a8bf28b32123da820d', 53, 1, 'authToken', '[]', 0, '2021-03-10 07:46:01', '2021-03-10 07:46:01', '2022-03-10 07:46:01'),
('5e52de4388b0b0e3ab06b7acd21f8577db11c9e0db5b009fb32b27c01751d8305a19d817f8b2c3e6', 87, 1, 'authToken', '[]', 0, '2021-04-29 16:36:06', '2021-04-29 16:36:06', '2022-04-29 16:36:06'),
('5eb7e9853872dfa900a0056d2fb86dfc4e75f99edca5b298aae093875f2f1560cbdc656ff91e9aa6', 40, 1, 'authToken', '[]', 0, '2021-03-11 07:06:15', '2021-03-11 07:06:15', '2022-03-11 07:06:15'),
('5f7a05785ed82b6f0d3f1fb4945179f7db83467ddf9a1e1a781bb42bba397fdb6e179d6e37410441', 40, 1, 'authToken', '[]', 0, '2021-03-09 05:40:40', '2021-03-09 05:40:40', '2022-03-09 05:40:40'),
('5fdf686133207f5b9a772460179eb6091538828c5c50f03c33efa367872606564ece064f432c55ec', 40, 1, 'authToken', '[]', 0, '2021-04-05 05:19:06', '2021-04-05 05:19:06', '2022-04-05 05:19:06'),
('600efefa736427083a0dc24c5827dfffaf92beb56a0d01fd6f13254ea6afb91f716c9f2b657e571c', 40, 1, 'authToken', '[]', 0, '2021-03-03 12:54:18', '2021-03-03 12:54:18', '2022-03-03 12:54:18'),
('60688c30b1b1dfb89e91eb0cf06480624856ab363128e2c55f006568103f83699000635ac212d0db', 40, 1, 'authToken', '[]', 0, '2021-02-25 12:53:17', '2021-02-25 12:53:17', '2022-02-25 12:53:17'),
('60aede440477609960d7ae0397b8d3813f055d34a4797f986934410a709d10e4e38e22028a86097c', 40, 1, 'authToken', '[]', 0, '2021-03-01 13:23:15', '2021-03-01 13:23:15', '2022-03-01 13:23:15'),
('60b94afcc5d28a3c731c4d7810b96116740db1c817b7fe4193adc2d33d3507de02f8f719832e1df2', 40, 1, 'authToken', '[]', 0, '2021-03-01 11:40:29', '2021-03-01 11:40:29', '2022-03-01 11:40:29'),
('60e6b5241304fd717f7489c99dd890a48ca927e364a23fdbff99a831bf817e2a5ae9482272e939e6', 40, 1, 'authToken', '[]', 0, '2021-03-03 11:41:43', '2021-03-03 11:41:43', '2022-03-03 11:41:43'),
('60fc2107e4b57a4c3977d51553bf7eef3ff7726792d9bcb509b6e59418c22f629c7e214a43f85074', 10, 1, 'authToken', '[]', 0, '2021-03-23 06:28:36', '2021-03-23 06:28:36', '2022-03-23 06:28:36'),
('61124ff34597e7cb08a7ee378a17ff48c2c2b855ffc825d763709422824310d556a10458d3d0e9e5', 40, 1, 'authToken', '[]', 0, '2021-03-23 10:25:13', '2021-03-23 10:25:13', '2022-03-23 10:25:13'),
('61521d37e4bafb7e588b109150a33900b2edc6c016ffe1986bf7be1765357e747eacf0096720aac6', 40, 1, 'authToken', '[]', 0, '2021-03-23 13:26:51', '2021-03-23 13:26:51', '2022-03-23 13:26:51'),
('61566cda073dc56d0c89878ccf709553bd55e40b2bfe03a112a685504ce0f8fb5d2fa88d260d1ace', 10, 1, 'authToken', '[]', 0, '2021-03-23 11:07:58', '2021-03-23 11:07:58', '2022-03-23 11:07:58'),
('61c84740f4dc502c57d939b93a08de2e34fde05d25210483c58423267084d4d4c48c825311fb61da', 56, 1, 'authToken', '[]', 0, '2021-03-26 07:24:12', '2021-03-26 07:24:12', '2022-03-26 07:24:12'),
('62ebc1be6c38b83c22c91dec5c15ac7a532846187d6f44c5e189d4b6baae0d733f78a4f83b7f6e51', 40, 1, 'authToken', '[]', 0, '2021-03-02 06:07:50', '2021-03-02 06:07:50', '2022-03-02 06:07:50'),
('62f68fe558fe2086911ee2c044236cac604a30c46af899b61e88bb9386ac4bba0d5a01d19edc99bc', 40, 1, 'authToken', '[]', 0, '2021-03-10 06:06:19', '2021-03-10 06:06:19', '2022-03-10 06:06:19'),
('630b6907f153cfe63332cd2db47f9332f31ea2f5cccd736e04d28517910c767aa3c85acfcc3d114a', 40, 1, 'authToken', '[]', 0, '2021-03-11 07:02:06', '2021-03-11 07:02:06', '2022-03-11 07:02:06'),
('633493847b268d688a1323e1331ae55ee29412ed77dc682267d58cb8a38e02a29abcef330b84ca5e', 40, 1, 'authToken', '[]', 0, '2021-03-27 09:21:07', '2021-03-27 09:21:07', '2022-03-27 09:21:07'),
('635790592cbad4f40a051b1a8cf688ac872cb93db18faed305141753cc230de2d5ebecc8ad88ffba', 54, 1, 'authToken', '[]', 0, '2021-03-11 08:09:35', '2021-03-11 08:09:35', '2022-03-11 08:09:35'),
('63c11910cddfa8714d41bc8c6c98fb16483b54877aacb9c07cddf154a84e55c49f6da4a714c33000', 55, 1, 'authToken', '[]', 0, '2021-03-22 14:31:28', '2021-03-22 14:31:28', '2022-03-22 14:31:28'),
('63ef60ee0ebbaa6b21937227df34895d7f981bf06f671ed48bca92ae7bde067d857588aadbb18a1c', 50, 1, 'authToken', '[]', 0, '2021-03-22 05:47:12', '2021-03-22 05:47:12', '2022-03-22 05:47:12'),
('644c1cb967f669f463e82f72f09dd039ada5d2ca7f62106197e5a4da907e98940418ded71111c7f1', 86, 1, 'authToken', '[]', 0, '2021-04-29 11:02:33', '2021-04-29 11:02:33', '2022-04-29 11:02:33'),
('64a861d6ae029e98d9bd358790ce77c78b90269711d64146ac7bada7ad347f6918ef9e1fb5d3956b', 40, 1, 'authToken', '[]', 0, '2021-02-22 07:36:47', '2021-02-22 07:36:47', '2022-02-22 07:36:47'),
('64b650f1edb3edcfc48cf369d15a1dfc854e71c64562decf48caad2942d7a21d200a6f1b55e18a35', 56, 1, 'authToken', '[]', 0, '2021-03-23 11:13:20', '2021-03-23 11:13:20', '2022-03-23 11:13:20'),
('652476d4c0282530bfca46e433252819c232cdfd280da0d1a7240d99437258ff0e6feb2c232ea294', 110, 1, 'authToken', '[]', 0, '2021-04-15 08:38:25', '2021-04-15 08:38:25', '2022-04-15 08:38:25'),
('653891a0a94decc50a042370955bf7eb5e0f55e94ce64f77a722afa36d90ecb382f4ccba83022ea8', 40, 1, 'authToken', '[]', 0, '2021-03-31 10:53:36', '2021-03-31 10:53:36', '2022-03-31 10:53:36'),
('65b287272cf792842566c69c97825e45f251a7d23f51f56c74557450b35722f2cc4582079387acba', 46, 1, 'authToken', '[]', 0, '2021-03-11 08:13:58', '2021-03-11 08:13:58', '2022-03-11 08:13:58'),
('65c78a8892bc6fa05a925cc3c632b7f5cbbc7dde07faea3a05c30aafdfbb46adccbd2aea0e150161', 40, 1, 'authToken', '[]', 0, '2021-03-08 07:48:22', '2021-03-08 07:48:22', '2022-03-08 07:48:22'),
('66c881c3a3df779742d2e690a0501a6ae0070057615deb043e43cd25b7f98daa093cc9b26755ee92', 40, 1, 'authToken', '[]', 0, '2021-03-04 06:21:51', '2021-03-04 06:21:51', '2022-03-04 06:21:51'),
('672b30f714a7393e0b30db790ee280733469aff8f79d2fa354f5d0e993e2cd0f5be6ea572a21fd56', 46, 1, 'authToken', '[]', 0, '2021-02-22 11:29:43', '2021-02-22 11:29:43', '2022-02-22 11:29:43'),
('677f9837c52a52ad2c8263df845bcddec057116bf632f22ccbd57ba31081378536d1be2e73e8c582', 40, 1, 'authToken', '[]', 0, '2021-03-01 07:12:09', '2021-03-01 07:12:09', '2022-03-01 07:12:09'),
('67b1baee4f391796baf5ba3fac81c590d05c671f96afb62c64ef5195d41edb4c6192150185bd4f0f', 40, 1, 'authToken', '[]', 0, '2021-03-08 10:32:48', '2021-03-08 10:32:48', '2022-03-08 10:32:48'),
('67b4488b59a6342442934ddde88d9704534063c7ed74737b5a67ba94a65ad42262e79c9dc91da465', 40, 1, 'authToken', '[]', 0, '2021-04-05 05:19:06', '2021-04-05 05:19:06', '2022-04-05 05:19:06'),
('67baf375fe73f3b56cba721b05cfc62a2f5c3d1eb540d5bb9fb0ba90680807ed08200e7a9127adc2', 40, 1, 'authToken', '[]', 0, '2021-03-03 13:28:07', '2021-03-03 13:28:07', '2022-03-03 13:28:07'),
('67ec34eb5185dc5349ded867e81a98d9e4497f2194251bb87e81ab107de44fc139b32e8e5df57332', 84, 1, 'authToken', '[]', 0, '2021-04-28 06:19:40', '2021-04-28 06:19:40', '2022-04-28 06:19:40'),
('687523373cf36de154515406825f54d2faa893f4e6e13e5cfb91fdfc55d7c23ccd4afbd6797e6adf', 40, 1, 'authToken', '[]', 0, '2021-03-02 07:50:58', '2021-03-02 07:50:58', '2022-03-02 07:50:58'),
('69432b80e3a673e2620738ae572af10b21b0753a93bd182a23cc2c4b28d674b6478724dc2e17a9d2', 46, 1, 'authToken', '[]', 0, '2021-02-22 06:05:31', '2021-02-22 06:05:31', '2022-02-22 06:05:31'),
('6950afaa7aa55f157baf9320daf97846fff32dbaaddb17a957f11e1ae42fc39afcf234741c5c33cc', 40, 1, 'authToken', '[]', 0, '2021-02-22 13:04:15', '2021-02-22 13:04:15', '2022-02-22 13:04:15'),
('69534251c669dab3fc741202d5bae6b46c8256dede6ab4708ce1b3210aec33c93f1799dad9974239', 84, 1, 'authToken', '[]', 0, '2021-04-29 10:10:06', '2021-04-29 10:10:06', '2022-04-29 10:10:06'),
('698fcad7fb53ea7b5f65b591c757e53384069e2d94bfa1ce9be5f4129b0a38a6e3cd3174fc2f8f5c', 55, 1, 'authToken', '[]', 0, '2021-04-05 05:19:04', '2021-04-05 05:19:04', '2022-04-05 05:19:04'),
('69ec2348e55f917eb66b3d4364cc74872645a00721267be93d0f4f6927c3b314606417430108dd22', 40, 1, 'authToken', '[]', 0, '2021-03-23 08:02:14', '2021-03-23 08:02:14', '2022-03-23 08:02:14'),
('6a67586966e754ea25781a560dc44804224db3207275021cb485ac5dcdc3ba84da05e3a3f2e12f25', 40, 1, 'authToken', '[]', 0, '2021-03-22 09:55:15', '2021-03-22 09:55:15', '2022-03-22 09:55:15'),
('6a824c7be0fb392ea2548a32474fbd5e242f373c60fed00686f8d04b902b760202f6075c3e775fd3', 40, 1, 'authToken', '[]', 0, '2021-03-22 13:10:54', '2021-03-22 13:10:54', '2022-03-22 13:10:54'),
('6adf581f54f2547b82e90a1cce524a2993a771e714454370550ab224d7b4dba3a01d03b25508764b', 125, 1, 'authToken', '[]', 0, '2021-04-15 16:28:12', '2021-04-15 16:28:12', '2022-04-15 16:28:12'),
('6b27ad3f255ec3fe8d685971d51b49717faf4fedf20f47119d4dbd4723d86d36910b20d81c3492d0', 40, 1, 'authToken', '[]', 0, '2021-02-25 09:12:15', '2021-02-25 09:12:15', '2022-02-25 09:12:15'),
('6b2f7f3f050c18f2da99a39c5ea074688d2eab27cd8224f014433fdff44f541dfbfd9a85000c26f5', 86, 1, 'authToken', '[]', 0, '2021-04-29 10:02:58', '2021-04-29 10:02:58', '2022-04-29 10:02:58'),
('6b7181a293a3a741916cb86041197ae384e63aafbe30dba7e01245141b63ed409fe9cb13d9f62629', 84, 1, 'authToken', '[]', 0, '2021-05-01 05:03:04', '2021-05-01 05:03:04', '2022-05-01 05:03:04'),
('6ba429a7cb54a3bbb2b3d84ce2602a11ff1f22512d0a0d3e22606ecc89ee5ce3a573d1933d43eb54', 40, 1, 'authToken', '[]', 0, '2021-03-23 11:27:47', '2021-03-23 11:27:47', '2022-03-23 11:27:47'),
('6bb32171084adc9fe27a2a9ead428af651adaad5445346883af311af8c0a79dbb1b200c321e0cedc', 55, 1, 'authToken', '[]', 0, '2021-04-03 12:35:56', '2021-04-03 12:35:56', '2022-04-03 12:35:56'),
('6bcd7811c205488e181691086cf6bf81abd46b2b82926f54aa1dc072bdd0c762fbfc2ce530f918c3', 40, 1, 'authToken', '[]', 0, '2021-03-04 06:24:15', '2021-03-04 06:24:15', '2022-03-04 06:24:15'),
('6bebdc59a30f11b95564c388be93d2f73ac365794bc396a0f9210f1f54ede9f38b60441cf47f6eed', 40, 1, 'authToken', '[]', 0, '2021-02-26 10:26:30', '2021-02-26 10:26:30', '2022-02-26 10:26:30'),
('6c2f4e1f54d8ad2d20541434c65b81423d88fbbb3bfd0655403142d113a66472bc895db195bb617a', 40, 1, 'authToken', '[]', 0, '2021-03-08 06:27:09', '2021-03-08 06:27:09', '2022-03-08 06:27:09'),
('6c81f6c3868e0bfc77a1ae49da9e6254811534bb12969b861b6527b0e940be095366d3d8fb4ac542', 40, 1, 'authToken', '[]', 0, '2021-02-25 08:18:20', '2021-02-25 08:18:20', '2022-02-25 08:18:20'),
('6c84160d4483f921779750878ce08a9056820d90564a5323d340d1833b9305822986aa9a6341eea6', 40, 1, 'authToken', '[]', 0, '2021-03-11 10:19:17', '2021-03-11 10:19:17', '2022-03-11 10:19:17'),
('6c989473cbff911be9107fed688c880f7b96b856d64382ec551543869bf2aa4af89d371d9ec1ed07', 54, 1, 'authToken', '[]', 0, '2021-03-11 08:10:08', '2021-03-11 08:10:08', '2022-03-11 08:10:08'),
('6cae6fee62402491b7b40bbe4a1151f6b2007014adb501b16f7a20bc9161805f7ab6a8cc99762ea8', 40, 1, 'authToken', '[]', 0, '2021-03-01 11:20:15', '2021-03-01 11:20:15', '2022-03-01 11:20:15'),
('6cd1d8c1b7a3f7e033e1a31b3f5eaade923f16b787ebeade7d7f6b2c1eef42c6096ed164262a50ee', 40, 1, 'authToken', '[]', 0, '2021-03-01 11:16:19', '2021-03-01 11:16:19', '2022-03-01 11:16:19'),
('6cd69a9fced4a82be0fa3f2c199160f64265f7c2c1dcdcef935c11f8c6b31f32ecebc7b354226174', 40, 1, 'authToken', '[]', 0, '2021-03-18 06:02:52', '2021-03-18 06:02:52', '2022-03-18 06:02:52'),
('6cf36893d89d5364900dea443f6078879595915b2ebf935619faaf788e664d03be2d5e189321f711', 40, 1, 'authToken', '[]', 0, '2021-04-05 10:09:30', '2021-04-05 10:09:30', '2022-04-05 10:09:30'),
('6d25a605cdb7ad6e8abaf2d8ceab4cfc2c0c2859989252cf34ebf0465056f017beb94a54b6659dfb', 40, 1, 'authToken', '[]', 0, '2021-04-05 05:19:06', '2021-04-05 05:19:06', '2022-04-05 05:19:06'),
('6d2b4a46ca4c50ede188e29944d4cea2d429f59a9b4dce0cd33f6ce97c17dcefee8d709f91774e8e', 40, 1, 'authToken', '[]', 0, '2021-03-17 08:00:56', '2021-03-17 08:00:56', '2022-03-17 08:00:56'),
('6d8d2f5f229dd10327e51dc31e799ae662d811859d85041c6d6c4a05dd9f8ac9eab9062f1e243538', 84, 1, 'authToken', '[]', 0, '2021-04-28 06:50:41', '2021-04-28 06:50:41', '2022-04-28 06:50:41'),
('6ddd4075b90aabf62d2725d845adc724f3546abd9c9c00d98fea37b7f77ab4039e2f91a7d1638ebc', 40, 1, 'authToken', '[]', 0, '2021-02-25 13:26:48', '2021-02-25 13:26:48', '2022-02-25 13:26:48'),
('6e4c71ddf0af6d6416e187f04a9ebfcc45423cdf677d29a435ae23191215bb9575abf4e1a65b7026', 40, 1, 'authToken', '[]', 0, '2021-02-24 07:03:25', '2021-02-24 07:03:25', '2022-02-24 07:03:25'),
('6e52439f27cd9a9dbd5acb68fc028764ab5a351cff84022dcf7dffa991532dbcd71dd177d73aa5c8', 84, 1, 'authToken', '[]', 0, '2021-04-06 07:36:04', '2021-04-06 07:36:04', '2022-04-06 07:36:04'),
('6e659542dfcfd17fe4731a1b423918ed4f939c1b97139390153ac30bbef398235720399b71b60e32', 40, 1, 'authToken', '[]', 0, '2021-03-01 08:12:45', '2021-03-01 08:12:45', '2022-03-01 08:12:45'),
('6e6f12f8f12078ba6dff0535e92a16423a30e3bdffc906e37e21f3c3b9e07d8d889b1caf3ec9c710', 40, 1, 'authToken', '[]', 0, '2021-03-03 13:12:36', '2021-03-03 13:12:36', '2022-03-03 13:12:36'),
('6e7cb404c761ed938eaad944def3168bb49f452c521206183ec7398044337c678eafdc6acd56fcfd', 40, 1, 'authToken', '[]', 0, '2021-02-25 11:20:10', '2021-02-25 11:20:10', '2022-02-25 11:20:10'),
('6eb35bf5fd5ef234fb78f007494c48f61742703179f2a403e6cacc0bf5784ed892a4344a2416aeae', 40, 1, 'authToken', '[]', 0, '2021-03-03 05:44:48', '2021-03-03 05:44:48', '2022-03-03 05:44:48'),
('6ecdd22679c80b77c668701ff3290ad7c406d35a4eb0345e7d9060cbf9a3c737954fa685c39febf3', 40, 1, 'authToken', '[]', 0, '2021-03-22 13:08:58', '2021-03-22 13:08:58', '2022-03-22 13:08:58'),
('6ee4fdd0dace368481bcbcd114d3018739a665d73126b7772dc5633e8cfb06972754eb9e79ea9db2', 90, 1, 'authToken', '[]', 0, '2021-04-06 10:35:19', '2021-04-06 10:35:19', '2022-04-06 10:35:19'),
('6ef6fb9b15a4be5dff7572fe835f1e128f70ec5a29e6ffea6f47f003e859437f341060e1834765b9', 40, 1, 'authToken', '[]', 0, '2021-03-04 06:07:58', '2021-03-04 06:07:58', '2022-03-04 06:07:58'),
('6f1774d7d38127822432f03ee0e4ba101491cc74a41d35854b57935d30e937d125e6897d42bfc01c', 40, 1, 'authToken', '[]', 0, '2021-03-11 07:20:12', '2021-03-11 07:20:12', '2022-03-11 07:20:12'),
('6f4c32f67e369e6dc8a09e3c2860d3589d273b517b5653f70521232b6ad41821f7299b8d0b8b5ba4', 40, 1, 'authToken', '[]', 0, '2021-02-25 13:03:02', '2021-02-25 13:03:02', '2022-02-25 13:03:02'),
('6fafcd4cb4d538ac6810e9f260db8b430e5032a06593b0860b7ebc2f582aec3d242e9225e5001ca8', 40, 1, 'authToken', '[]', 0, '2021-03-04 06:18:50', '2021-03-04 06:18:50', '2022-03-04 06:18:50'),
('6fb9a9626445cc1654cb906678225d559d74b2027bfca8e5eeb87ac934f0e16649c9e50e629a6b10', 40, 1, 'authToken', '[]', 0, '2021-03-03 10:33:20', '2021-03-03 10:33:20', '2022-03-03 10:33:20'),
('70243d1beadfd2f140ac8f87103b1827ed1a7feaf2ab119dfa3af4a4947ca45aba1be3a925145e15', 40, 1, 'authToken', '[]', 0, '2021-03-31 05:41:51', '2021-03-31 05:41:51', '2022-03-31 05:41:51'),
('702f36f133c6d17c945e7b24ac90cc740cb993e95975639dfa22699696e4388e7929a8f4a113607b', 40, 1, 'authToken', '[]', 0, '2021-03-30 06:23:25', '2021-03-30 06:23:25', '2022-03-30 06:23:25'),
('706b99632386573175eba8dba43c7f31825fd423351c19fd413f91be78fa4ec5725d8106a83a6488', 40, 1, 'authToken', '[]', 0, '2021-02-23 10:41:37', '2021-02-23 10:41:37', '2022-02-23 10:41:37'),
('7082b7356656efe4a1ad74aa9a5c9ed382faa6f3f03be06ca495bfa5633edc0c26d9f8091a3358e9', 40, 1, 'authToken', '[]', 0, '2021-03-08 08:22:20', '2021-03-08 08:22:20', '2022-03-08 08:22:20'),
('709a393e1b1b53c8ae0c820cfe45b60164477446da812677346551235abb725723c8a85f502b330b', 40, 1, 'authToken', '[]', 0, '2021-02-25 09:54:28', '2021-02-25 09:54:28', '2022-02-25 09:54:28'),
('70bb18ed1ded881f3ec514852f8471f450883c2fe6aa40f26370872153e624d3cf7a617622e89d77', 40, 1, 'authToken', '[]', 0, '2021-02-25 09:28:32', '2021-02-25 09:28:32', '2022-02-25 09:28:32'),
('70e1a2029e1072a8ab793fc5e6a44467f7a205d285cb8f46791d5f693b9c8411509bfa3c5a215419', 40, 1, 'authToken', '[]', 0, '2021-03-03 13:08:08', '2021-03-03 13:08:08', '2022-03-03 13:08:08'),
('7140ab1cd79ec792d75b8e2e8754ed4da81b85b3dacfcc357fca117757ea2023e77ccd4b7b2f1527', 86, 1, 'authToken', '[]', 0, '2021-04-17 08:30:51', '2021-04-17 08:30:51', '2022-04-17 08:30:51'),
('717815ac83269ac8f2fbdddc6b8e4ff5736ea176199d9660b322c2892c5af18aa815fdefb9c140f7', 86, 1, 'authToken', '[]', 0, '2021-04-17 08:25:18', '2021-04-17 08:25:18', '2022-04-17 08:25:18'),
('71afd9a23abe556223afcfe620a91463947ae4c5cc34f5f03dc007d27e4f5e7649b3251c01477599', 46, 1, 'authToken', '[]', 0, '2021-02-23 10:31:06', '2021-02-23 10:31:06', '2022-02-23 10:31:06'),
('7213d3d63ace7e44bc90eddbd8b07ce0d2a3fbbfe1407dbe299f9b5a57af04c1b97be9bfc2c00fdd', 10, 1, 'authToken', '[]', 0, '2021-02-23 10:28:08', '2021-02-23 10:28:08', '2022-02-23 10:28:08'),
('7225aede34cc53ffcdd101eaf0b0b3ab20ccc34700a5baf2db039ec747cfcc6b2d13881468c42ac3', 44, 1, 'authToken', '[]', 0, '2021-02-19 10:52:37', '2021-02-19 10:52:37', '2022-02-19 10:52:37'),
('724f7e16948f50285ee8ea7f2205a1c1eba7e4b1b5e228dc1cc4803d2e0fb84ecefe4817b37a015d', 40, 1, 'authToken', '[]', 0, '2021-03-08 11:39:07', '2021-03-08 11:39:07', '2022-03-08 11:39:07'),
('72523be90c26e4ba28d1f902b18a55a1748a5783291942495dda646277ad0e0c369ecd4d43de48f0', 40, 1, 'authToken', '[]', 0, '2021-03-22 07:34:55', '2021-03-22 07:34:55', '2022-03-22 07:34:55'),
('73089e109c2cef675f97a64661a546ea675e5a8abf1cd55cd43335972701ecc889868ebb0ebf2080', 40, 1, 'authToken', '[]', 0, '2021-03-17 07:28:07', '2021-03-17 07:28:07', '2022-03-17 07:28:07'),
('7312a92aee9692f90cdc4a459a088d1a09c8951cc4f174ddf36aaa7b34526efea131f267cf427a98', 108, 1, 'authToken', '[]', 0, '2021-04-14 18:30:02', '2021-04-14 18:30:02', '2022-04-14 18:30:02'),
('73c0aecac59851f043e7e6b05b71a70902e2c3c2ac1e12daa7adc6e9dc19a7bf40136ccd7844a8a5', 84, 1, 'authToken', '[]', 0, '2021-04-06 07:32:35', '2021-04-06 07:32:35', '2022-04-06 07:32:35'),
('73ea58c7f41c48cc45da3f9f2eccfb52f5a0677118acb8812c34e2c8967fdbdd79214cd3b4c0ea1c', 87, 1, 'authToken', '[]', 0, '2021-04-29 05:27:29', '2021-04-29 05:27:29', '2022-04-29 05:27:29'),
('742a975751a79784425c777a6ea2018f202c51f1dcb35e3feb3dbc267c51197f839b714267e10f77', 56, 1, 'authToken', '[]', 0, '2021-03-24 10:41:18', '2021-03-24 10:41:18', '2022-03-24 10:41:18'),
('747d2b93bf8187fbd073ae1a0bcad8e62f32cd15b192ee489b9f7c4cb3153f9079ee991aded583ca', 40, 1, 'authToken', '[]', 0, '2021-02-26 10:11:01', '2021-02-26 10:11:01', '2022-02-26 10:11:01'),
('75207b86ed138efd14b67d08436715748dd776706bd4a7c985644c0e445dbde8676a8721020a658a', 55, 1, 'authToken', '[]', 0, '2021-03-22 13:29:36', '2021-03-22 13:29:36', '2022-03-22 13:29:36'),
('7522f82c2d52d50ca507d2f76df926703b39fe031dbb36ead0681d647e84552eefaf5971b85ae4e1', 40, 1, 'authToken', '[]', 0, '2021-03-02 07:13:28', '2021-03-02 07:13:28', '2022-03-02 07:13:28'),
('7553b0071361ce5e4cf2f751951f7119e24b3a3a4839ee72afaad2d197fdd81ea8e5c03059aa7526', 40, 1, 'authToken', '[]', 0, '2021-03-08 07:47:26', '2021-03-08 07:47:26', '2022-03-08 07:47:26'),
('7592ef1868e31ae301a0b92580cd7fef3b7c53d4276bb445c38c35a0bff5e731ba6641bf03336d68', 40, 1, 'authToken', '[]', 0, '2021-03-08 07:45:45', '2021-03-08 07:45:45', '2022-03-08 07:45:45'),
('7595b5c946566db29d8c03389ac66a4c4201550ec9d306d030d4d7d88fe8793b1088b29a663d545a', 26, 1, 'authToken', '[]', 0, '2021-02-18 13:39:48', '2021-02-18 13:39:48', '2022-02-18 13:39:48'),
('75c51a67ae169e3449e811a8eed7215840e444bcfcaf8d5194e7daa6f323cfd0428b0f40d4618387', 62, 1, 'authToken', '[]', 0, '2021-04-05 12:51:20', '2021-04-05 12:51:20', '2022-04-05 12:51:20'),
('7616bf013ad5ccbaaffa82212a0dcccbaf517992be663aa5df1b26a1f2c9c441cb3a7bdab3ac6098', 27, 1, 'authToken', '[]', 0, '2021-02-19 07:28:38', '2021-02-19 07:28:38', '2022-02-19 07:28:38'),
('767f1491ee10e34aa1af26c3aff5b406498ea94550f4225fcea84ec329303f34312dc484563a2993', 40, 1, 'authToken', '[]', 0, '2021-02-25 13:46:04', '2021-02-25 13:46:04', '2022-02-25 13:46:04'),
('77450764791acd5c32929ddf6811bff3877969e1133deb9f5c668ea123deed904bb52d35583035e1', 48, 1, 'authToken', '[]', 0, '2021-03-08 09:57:26', '2021-03-08 09:57:26', '2022-03-08 09:57:26'),
('7785ee3048a0e8934747a4ba49e4b7e253cd8f7d76fbc1664b517f717fa99bdf479181a0636a111d', 40, 1, 'authToken', '[]', 0, '2021-03-31 09:48:40', '2021-03-31 09:48:40', '2022-03-31 09:48:40'),
('78065a9519055ac6fd802529e5acf9b6a5e4f4ac940e9303aa73957e4abd4f690b0e859d68748cf4', 40, 1, 'authToken', '[]', 0, '2021-03-01 13:58:10', '2021-03-01 13:58:10', '2022-03-01 13:58:10'),
('7810f6a7492bbd5cf78f8f734dfe29c4a5eb3f40588b3b405bb2ead2e428f5faeda1f5c146c24b90', 40, 1, 'authToken', '[]', 0, '2021-03-20 06:15:31', '2021-03-20 06:15:31', '2022-03-20 06:15:31'),
('7868a574c71c14c5438488426260c5fb68af6b8e9563ae256834fdd4a0586eb0c23805a29e7679ba', 40, 1, 'authToken', '[]', 0, '2021-03-01 07:50:35', '2021-03-01 07:50:35', '2022-03-01 07:50:35'),
('78b7a5794877e9fef5f034f1d443aeb0ccfbfc8a8acb20408e58ab47b825e3ddb0e81559c5fbf28f', 40, 1, 'authToken', '[]', 0, '2021-03-02 07:27:08', '2021-03-02 07:27:08', '2022-03-02 07:27:08'),
('78c2843aa4c4aa8494ba7530917e5e9a6b34e8e5e9ee13282af1b664c23b9beecce0e2153a84758d', 86, 1, 'authToken', '[]', 0, '2021-04-17 08:26:03', '2021-04-17 08:26:03', '2022-04-17 08:26:03'),
('78da7aab8e02e4e7f58134e8edc3da62b4bead00dc976b8304fb08aafc06551cc2bf3d8d90964c72', 45, 1, 'authToken', '[]', 0, '2021-02-19 10:56:22', '2021-02-19 10:56:22', '2022-02-19 10:56:22'),
('791e8bca11516baa758fccff97887a7a0a00599e50357dcf0e1e98c85bf0ffbf22f3dad3bdc8d657', 58, 1, 'authToken', '[]', 0, '2021-04-05 11:06:21', '2021-04-05 11:06:21', '2022-04-05 11:06:21'),
('79298b1c9f6ee6b2751ad968de1aa1c01037f616f13526a72882fed896eeb8a7f793ce5de878f6fa', 50, 1, 'authToken', '[]', 0, '2021-03-26 11:53:13', '2021-03-26 11:53:13', '2022-03-26 11:53:13'),
('795d2ca34b00eabe5c378e6513d8836d67e1a87d80b4201486e61537fed7edd3f4991352fe9e612b', 40, 1, 'authToken', '[]', 0, '2021-04-05 09:00:11', '2021-04-05 09:00:11', '2022-04-05 09:00:11'),
('796b210ec8ee33bb2eab34f99f5434afc205094246bc21f5604483491c03d903c7d7135fa39ff96f', 28, 1, 'authToken', '[]', 0, '2021-02-19 09:22:11', '2021-02-19 09:22:11', '2022-02-19 09:22:11'),
('79b46df836a628a8bf377d38f75dc4a68eaff5a3a302addb908dd227136fc8d5d9207e881a9bba95', 54, 1, 'authToken', '[]', 0, '2021-03-10 07:47:12', '2021-03-10 07:47:12', '2022-03-10 07:47:12'),
('7a31112f7df01ff52d306f57691e2162aea9dac7d3e6f8c0ddba7bd037784cb465bde57f50163fee', 40, 1, 'authToken', '[]', 0, '2021-04-03 13:09:52', '2021-04-03 13:09:52', '2022-04-03 13:09:52'),
('7a36bc5263162e24ee915fc18c3be0a892cd8064e9679c6223accf59c0d3b31c419b95aafee50c6b', 40, 1, 'authToken', '[]', 0, '2021-03-08 09:31:06', '2021-03-08 09:31:06', '2022-03-08 09:31:06'),
('7a438ee2f643e6ac05225242f51d8ada0438f1501bbb352f0663e98bfbd69d2f5553d4c01e24fa42', 40, 1, 'authToken', '[]', 0, '2021-02-24 06:08:16', '2021-02-24 06:08:16', '2022-02-24 06:08:16'),
('7a48bed0f4d8d34ae45a38e981db9a20328e51559a36ef053d49eff60761f3a204b1e47b2b96e664', 40, 1, 'authToken', '[]', 0, '2021-03-01 09:26:16', '2021-03-01 09:26:16', '2022-03-01 09:26:16'),
('7a50158b1342fe704763bdfff2f20e9748031355aff9d722aab661a619f12a5cf461b665ed0c4b6a', 40, 1, 'authToken', '[]', 0, '2021-03-31 06:58:14', '2021-03-31 06:58:14', '2022-03-31 06:58:14'),
('7aa9b198fa617b506ffefdbd1b842ca638792cf6a9b50e14be3b61a4cd05f7a908681ac060c732cd', 57, 1, 'authToken', '[]', 0, '2021-04-05 09:12:01', '2021-04-05 09:12:01', '2022-04-05 09:12:01'),
('7aacb3cd44ee14f7865f74a725a6f4a34360cef41dd71adeeffe47bfc35ba255e7abe2f4ab68a558', 40, 1, 'authToken', '[]', 0, '2021-04-05 05:19:06', '2021-04-05 05:19:06', '2022-04-05 05:19:06'),
('7abc1098897da55214aac2ee6a65dbf413d297dfce9c1b6f667afebca685f36667d9ef03e38ccbe0', 40, 1, 'authToken', '[]', 0, '2021-02-26 09:37:46', '2021-02-26 09:37:46', '2022-02-26 09:37:46'),
('7b21e764ebba96e6a2e1a28c00f5ff7a99f7a8a5c001c2a14a814758086b634428847d01e4217d0c', 84, 1, 'authToken', '[]', 0, '2021-04-06 07:43:32', '2021-04-06 07:43:32', '2022-04-06 07:43:32'),
('7bd5ce1e2be9d93f824015b2b6d3862439e09289520db6c86d741754ee846b3ffb7b4a8149396e26', 56, 1, 'authToken', '[]', 0, '2021-03-23 11:10:54', '2021-03-23 11:10:54', '2022-03-23 11:10:54');
INSERT INTO `oauth_access_tokens` (`id`, `user_id`, `client_id`, `name`, `scopes`, `revoked`, `created_at`, `updated_at`, `expires_at`) VALUES
('7bd7e3030978e76e98f749f22a964ac442215076c2da712c6f434e1b0851e32147a0d87699e2ce58', 54, 1, 'authToken', '[]', 0, '2021-03-11 07:41:34', '2021-03-11 07:41:34', '2022-03-11 07:41:34'),
('7be3aa1649bc7f94172fe7c2b6a6bde26e5bd686d17368c58792072b0a1e1073383837dd57ef6217', 50, 1, 'authToken', '[]', 0, '2021-04-05 04:37:57', '2021-04-05 04:37:57', '2022-04-05 04:37:57'),
('7be68c1beec294b82d369095bbcd107288a9907922088f83faf38b5d1b7a919136cfc00fbddbc591', 40, 1, 'authToken', '[]', 0, '2021-03-11 06:51:39', '2021-03-11 06:51:39', '2022-03-11 06:51:39'),
('7bf33a73024d4b48851724e3b52a436441e24e5e1bf6122e415a2edc8011b0100499bc8d2268168e', 40, 1, 'authToken', '[]', 0, '2021-03-31 09:26:07', '2021-03-31 09:26:07', '2022-03-31 09:26:07'),
('7c15e3a5b8a431940884943dddca9f35e5d3e4b12cad1e1c268843f9ead6ff0ffd4f3d412570c2fc', 40, 1, 'authToken', '[]', 0, '2021-02-23 13:03:00', '2021-02-23 13:03:00', '2022-02-23 13:03:00'),
('7cbcb5d61ac5cc8eb9c7c14376beb4302ed15cbab39935b9bdad86e6ae3226bc83bec2c306f021cb', 40, 1, 'authToken', '[]', 0, '2021-02-26 06:46:05', '2021-02-26 06:46:05', '2022-02-26 06:46:05'),
('7d15cb525a46d9ad8416bbe37af525092e92b64cc37a469e89e0d5e915b441d5b1ee329ddc2d8a86', 40, 1, 'authToken', '[]', 0, '2021-02-23 10:52:40', '2021-02-23 10:52:40', '2022-02-23 10:52:40'),
('7d2424be739604b8017d634d071f1fd49319f5421ce6ea7a21f7f12e57ecc60d61f650af12be73d0', 50, 1, 'authToken', '[]', 0, '2021-03-23 05:52:09', '2021-03-23 05:52:09', '2022-03-23 05:52:09'),
('7d47bb644c9003ae5a63927ae6a73c72e3a00674f5926264cd5c1d30609a8a37ea7c4813ea935352', 40, 1, 'authToken', '[]', 0, '2021-03-20 06:57:28', '2021-03-20 06:57:28', '2022-03-20 06:57:28'),
('7d4f5a0440999a8a25aaf58f708457224947da82019bad7fa1f154517491166c028a9820f633435f', 50, 1, 'authToken', '[]', 0, '2021-03-23 07:18:44', '2021-03-23 07:18:44', '2022-03-23 07:18:44'),
('7e52d98a36fde3854299e8ffb365ad09bc8a4db5aeeeb8853dbf19e8a7a7a7764cc8886d4f904f7f', 40, 1, 'authToken', '[]', 0, '2021-02-25 13:01:05', '2021-02-25 13:01:05', '2022-02-25 13:01:05'),
('7ea03dfe8818e1d270976f36283cb754bd46baaccbf6297fe1cb16ba7bcfc600797fee9f90f582bd', 40, 1, 'authToken', '[]', 0, '2021-03-30 13:12:51', '2021-03-30 13:12:51', '2022-03-30 13:12:51'),
('7ed8acc15b8d6211905b243bc7502999a01889b3faa5b422cec4695401d3bd55d6b922f498058abb', 40, 1, 'authToken', '[]', 0, '2021-03-31 04:30:58', '2021-03-31 04:30:58', '2022-03-31 04:30:58'),
('7f309f485f3ece88f5022548e48fb9ee0abe989d0ae57929377615c879eec3e560b32238019e1405', 40, 1, 'authToken', '[]', 0, '2021-03-29 08:56:51', '2021-03-29 08:56:51', '2022-03-29 08:56:51'),
('7f6c0d4cd061171e80273a9f918eb2b986a182623bba6cc0e3992bb19e1061f3d383ee8396bbc286', 40, 1, 'authToken', '[]', 0, '2021-03-23 10:22:59', '2021-03-23 10:22:59', '2022-03-23 10:22:59'),
('7f8b117f9628884d3f4679f8a1a859eafff31c60389d8e1c75b3416dd272ec486a8f7c2d87531e54', 40, 1, 'authToken', '[]', 0, '2021-03-17 10:38:04', '2021-03-17 10:38:04', '2022-03-17 10:38:04'),
('7f992d43c6ecc426be235706b006a1dcbc552c568da6e0e2561f1b59ce98ab94fe9d3930c7b0eb1e', 40, 1, 'authToken', '[]', 0, '2021-04-05 05:21:14', '2021-04-05 05:21:14', '2022-04-05 05:21:14'),
('7fa764c2bafefa40f56776b4fc58fe93166cd1cb5aebbc94e6946d1c7e71a5e9a52b4b53eab9c6e9', 40, 1, 'authToken', '[]', 0, '2021-03-08 06:05:26', '2021-03-08 06:05:26', '2022-03-08 06:05:26'),
('7fd42796ca23875f4e0d1db6269579d9a973bc6326bbec0d861eb653a0e111861b55b95c4d081ad5', 40, 1, 'authToken', '[]', 0, '2021-03-22 13:14:31', '2021-03-22 13:14:31', '2022-03-22 13:14:31'),
('7fe3692fdd6cbcba78cca00acb6fc9c25e73dca2ac19a763e3c35fe43bc44928cd822cf36454de1e', 86, 1, 'authToken', '[]', 0, '2021-04-17 10:10:07', '2021-04-17 10:10:07', '2022-04-17 10:10:07'),
('800bffd5dd924905729a39de49f3a9d373d10282d8842e112c3b43fc41ad55633f72a02a1cf1da8c', 40, 1, 'authToken', '[]', 0, '2021-03-01 11:09:57', '2021-03-01 11:09:57', '2022-03-01 11:09:57'),
('8058f129b7e20d259dc8c12ac7a006b58d090b5a0da080d27196830cfafc73e024fa5545d1ce2974', 97, 1, 'authToken', '[]', 0, '2021-04-14 05:36:36', '2021-04-14 05:36:36', '2022-04-14 05:36:36'),
('807f1c9c9d9dc6377027b457d11c0da12e27855c905cc9d22ff713a08ecba4871a801a2b8c3b7c02', 40, 1, 'authToken', '[]', 0, '2021-03-03 13:36:24', '2021-03-03 13:36:24', '2022-03-03 13:36:24'),
('809116c83967fe9db1670db953516a57cb6bb246d0c1c536af28d9e95b26db7d21dbe8fa873ae3c5', 84, 1, 'authToken', '[]', 0, '2021-04-09 06:06:18', '2021-04-09 06:06:18', '2022-04-09 06:06:18'),
('80ee1e4716ad309d356b1b48dab598949a04d800eb2e04642ed5c662c665c6a6de44773efb473e51', 51, 1, 'authToken', '[]', 0, '2021-03-10 07:15:30', '2021-03-10 07:15:30', '2022-03-10 07:15:30'),
('81040b815d72085a14d4f68501721162ddeff16b4fd7675629838f890dc0080aca7aa64c4c65c615', 68, 1, 'authToken', '[]', 0, '2021-04-06 06:31:46', '2021-04-06 06:31:46', '2022-04-06 06:31:46'),
('8113ef5045ce0805208cd99072b6d782f8e6466ed3d3fe18b77f64810c99434f7b454f82b2df52e0', 40, 1, 'authToken', '[]', 0, '2021-03-06 09:21:36', '2021-03-06 09:21:36', '2022-03-06 09:21:36'),
('817af038a36f05497b77536f5ffa25b7582aa6234b7b014a5c00a1ccde7edb9a00016df37287cf39', 40, 1, 'authToken', '[]', 0, '2021-03-02 07:30:22', '2021-03-02 07:30:22', '2022-03-02 07:30:22'),
('82376390b9ff90fb951072e9b1a902a90e4e311e8b6036d69eb46bc397e361cab54f70eac2c300b4', 24, 1, 'authToken', '[]', 0, '2021-02-18 03:55:57', '2021-02-18 03:55:57', '2022-02-18 09:25:57'),
('823db4ad1cdd9256f89b44a6d5eb90ed971d7e117e8ac6ba07a07d2e69837fecd64669c1ac9adba3', 10, 1, 'authToken', '[]', 0, '2021-03-23 11:04:30', '2021-03-23 11:04:30', '2022-03-23 11:04:30'),
('824b4f07c19790c685714ec5eb151503d3b1f87511cdf738a553b43609533194fdade602dc4aac99', 40, 1, 'authToken', '[]', 0, '2021-03-23 06:58:14', '2021-03-23 06:58:14', '2022-03-23 06:58:14'),
('826a3d10e87537ccc64f587611fd95b741e4eb789b6dc242d359ade53460c83dc736a0b849159d1d', 40, 1, 'authToken', '[]', 0, '2021-03-30 06:14:07', '2021-03-30 06:14:07', '2022-03-30 06:14:07'),
('8330f483e3d76f19b8316e0137a9cb5b6efed5840d6523b373b1cf6aef27dec7415ac710e388a416', 40, 1, 'authToken', '[]', 0, '2021-02-24 09:08:29', '2021-02-24 09:08:29', '2022-02-24 09:08:29'),
('837880249e9feec7a28c9f7ff97c320d0927f71c04f3d1376776bc847b4590913f29a0048bcbe2b0', 40, 1, 'authToken', '[]', 0, '2021-03-02 06:12:52', '2021-03-02 06:12:52', '2022-03-02 06:12:52'),
('8424372e78761f6688b0dd1c9fdffdea120270c03c6c7347969612199b22ab91020896851b1f49d9', 40, 1, 'authToken', '[]', 0, '2021-03-29 13:29:09', '2021-03-29 13:29:09', '2022-03-29 13:29:09'),
('84309aab258fe227ddcabae06eb0d64a218bdfe0f9331cd75aa18a6cbe7a1920e414f29376f63828', 40, 1, 'authToken', '[]', 0, '2021-03-08 09:50:58', '2021-03-08 09:50:58', '2022-03-08 09:50:58'),
('8462becdfe3543e14c84570864e71b1391cecd2950352925287d350d9a81a9c974f64a9a13b7a92b', 110, 1, 'authToken', '[]', 0, '2021-04-29 12:23:53', '2021-04-29 12:23:53', '2022-04-29 12:23:53'),
('84b6e7c6374329f3db49326b9eed038d31c0e227f3dbca695e5b53450cf1eef3a3adf440d6f692ed', 40, 1, 'authToken', '[]', 0, '2021-03-22 13:19:30', '2021-03-22 13:19:30', '2022-03-22 13:19:30'),
('85321e67578de07e228a1d775cbeb432c505aea545cc3d298334b69ff5392323afb9c4d0991a3ba3', 55, 1, 'authToken', '[]', 0, '2021-03-24 12:00:16', '2021-03-24 12:00:16', '2022-03-24 12:00:16'),
('854d9020b99f6be399410c4a26388c8812f734987606dd68751d3c53598c157e08d694567eb147b1', 40, 1, 'authToken', '[]', 0, '2021-03-10 06:58:44', '2021-03-10 06:58:44', '2022-03-10 06:58:44'),
('855f69ca1cda0bc6397b800774fd9abc19fc41b26b76d44e33a718e4d48ad0e4671240d9ba540bce', 63, 1, 'authToken', '[]', 0, '2021-04-05 11:51:55', '2021-04-05 11:51:55', '2022-04-05 11:51:55'),
('857483587a8b6c739f34c7cea433a42750b2c6ddf4fd19531a00d5e386df3431d88debcfb553da4c', 40, 1, 'authToken', '[]', 0, '2021-04-05 10:08:50', '2021-04-05 10:08:50', '2022-04-05 10:08:50'),
('85a43fbdb2bc4214d58a44e9fee14fd2db8378fa4da6e424d11f0caf17b3b7e10ae523fd7a48885a', 40, 1, 'authToken', '[]', 0, '2021-03-23 09:41:40', '2021-03-23 09:41:40', '2022-03-23 09:41:40'),
('86573e49a91dc4bc039dfa24c28ff5a05ed2bc786f71b00df94f0c0714b75b7592f60b2fa607e932', 40, 1, 'authToken', '[]', 0, '2021-02-25 10:30:20', '2021-02-25 10:30:20', '2022-02-25 10:30:20'),
('866aec6007761f202fbe4aa307c7d14518b27880969b7e9ec3d98a4737d9c8e16bae02f9296fb225', 40, 1, 'authToken', '[]', 0, '2021-04-03 13:00:08', '2021-04-03 13:00:08', '2022-04-03 13:00:08'),
('86c5f32fcaac9f05bc3dd93aba32010585afab7d65721555c731f547f3c0e5d62698cd84dbaa2478', 40, 1, 'authToken', '[]', 0, '2021-03-30 06:17:45', '2021-03-30 06:17:45', '2022-03-30 06:17:45'),
('86e34d89b99d2ecdd9c05a9c99f4591e34ef3afe2a719549e1395f9a64a26bee54375312211ddf21', 40, 1, 'authToken', '[]', 0, '2021-03-08 08:19:25', '2021-03-08 08:19:25', '2022-03-08 08:19:25'),
('86f7e1b20ed2887d03213ee5c250114212b98ed9c50b10f55cda13bb8816f0971f6e197174d91d0c', 40, 1, 'authToken', '[]', 0, '2021-03-11 08:07:08', '2021-03-11 08:07:08', '2022-03-11 08:07:08'),
('870c62d7fa4faa843da7f79d7d65b7694d8e870d7da5bb35e5ab9b6e708f313f4b345d979b3aa2eb', 84, 1, 'authToken', '[]', 0, '2021-04-09 06:39:07', '2021-04-09 06:39:07', '2022-04-09 06:39:07'),
('872e85ff0fb295a6593001744934ff60c1d35ff7ad17288d390921bae949d90e04565600debc3af8', 40, 1, 'authToken', '[]', 0, '2021-02-26 07:39:23', '2021-02-26 07:39:23', '2022-02-26 07:39:23'),
('872f6c381dfe83ae6a6b06abf1885e3a837d236b5b9fe7c570d6bdddad4c664d18bb9ab8eabeb3cd', 55, 1, 'authToken', '[]', 0, '2021-04-05 05:19:05', '2021-04-05 05:19:05', '2022-04-05 05:19:05'),
('8778644e4bad47f3b3c63c989ed535ebf43e82e7b9afd8e757dc47862d77c428a166440611130dca', 10, 1, 'authToken', '[]', 0, '2021-02-18 03:16:39', '2021-02-18 03:16:39', '2022-02-18 08:46:39'),
('87801358a3c0540c35b15fb4feea70d062882f6bf47acc16f2715aeb2b24a1d9ef1cc210c3fb5d0c', 40, 1, 'authToken', '[]', 0, '2021-03-05 06:07:00', '2021-03-05 06:07:00', '2022-03-05 06:07:00'),
('879147697ef94e7c84174e6161878b92b31a2eb0dfcbbd0f4309d7d52af6c610b8fe12dc99e8703c', 50, 1, 'authToken', '[]', 0, '2021-04-05 06:23:18', '2021-04-05 06:23:18', '2022-04-05 06:23:18'),
('87bf1023060f55c9bdb3e7c780ea55503c9e062a74e3b82b7ebe595048c7f9b8abf89c940ad2b699', 40, 1, 'authToken', '[]', 0, '2021-03-31 05:41:50', '2021-03-31 05:41:50', '2022-03-31 05:41:50'),
('87c22556edf6cd98bb5347b163b470f8385ae8b177101afad530bd4859654d174e612bd6e73bc707', 40, 1, 'authToken', '[]', 0, '2021-02-25 10:01:59', '2021-02-25 10:01:59', '2022-02-25 10:01:59'),
('87d7b24504776e13161e1943dce688ad38b2878c0dce8651634734db399398f4385a84ab204b8860', 50, 1, 'authToken', '[]', 0, '2021-03-23 06:44:57', '2021-03-23 06:44:57', '2022-03-23 06:44:57'),
('887db97cb53226c25bab44a7f7e194615777c3ae02d229fb3b769854bbc335235997894484af35ff', 40, 1, 'authToken', '[]', 0, '2021-03-03 07:51:19', '2021-03-03 07:51:19', '2022-03-03 07:51:19'),
('8895a9f1e0a505c90884e72f2663654c0d84544ede503ea3ae7779b64642132eefa07f0e3c891163', 40, 1, 'authToken', '[]', 0, '2021-02-23 13:14:22', '2021-02-23 13:14:22', '2022-02-23 13:14:22'),
('889e1b1a71998f3efccf61dadab91b607becd50d77782874317bff7a29ecf097079c8db437689fad', 40, 1, 'authToken', '[]', 0, '2021-02-22 06:47:08', '2021-02-22 06:47:08', '2022-02-22 06:47:08'),
('88e55f4536567be374e44b2e3fb31d057e7e7f26e5ed1dbac9543bedde7de01ce898100c239451f9', 55, 1, 'authToken', '[]', 0, '2021-03-27 05:58:55', '2021-03-27 05:58:55', '2022-03-27 05:58:55'),
('893a1210e272c00307b135cf124cbdf01512ae4c36076d6fa85e5d36ccc5327cf9225852addaec69', 84, 1, 'authToken', '[]', 0, '2021-04-30 05:43:50', '2021-04-30 05:43:50', '2022-04-30 05:43:50'),
('89af2652c43c74efbf8f720a494058ada91feb436f48a5eb645c6ef73981284ad5232315972a41ed', 40, 1, 'authToken', '[]', 0, '2021-03-17 06:14:42', '2021-03-17 06:14:42', '2022-03-17 06:14:42'),
('89ddf526ca715980181fd504c81bdb947bd575d7826e29ccb5dd4d4c813a5f7bd2d436241c66b780', 50, 1, 'authToken', '[]', 0, '2021-04-05 04:57:31', '2021-04-05 04:57:31', '2022-04-05 04:57:31'),
('8a0db02f096e413f2b54fa9fefc4052588900a4e1a8607fc31942ec0051cc7d4bba86a7027381932', 40, 1, 'authToken', '[]', 0, '2021-02-25 11:51:15', '2021-02-25 11:51:15', '2022-02-25 11:51:15'),
('8a6cbbf4f6e7259dac1014e965e71f8f3bcde6a3152196a65b7a83f13214de3de139bbe02bd06e4a', 40, 1, 'authToken', '[]', 0, '2021-03-11 07:38:32', '2021-03-11 07:38:32', '2022-03-11 07:38:32'),
('8aaec3b6494fb3ec6be077e714291a556be4877adbb3545167c49edb49ce3d7c41832478ee3bb89a', 40, 1, 'authToken', '[]', 0, '2021-03-01 06:14:36', '2021-03-01 06:14:36', '2022-03-01 06:14:36'),
('8addf138a857ba575552edcd855062406d62f350cda4c34d5893db137f44fb98b7809ddfd7f96d98', 31, 1, 'authToken', '[]', 0, '2021-02-19 09:31:47', '2021-02-19 09:31:47', '2022-02-19 09:31:47'),
('8adfab6869ea5870f5f1056f15fe0ac39321015c64d81408aae0573ac2e7a0c7ebf9c05a1c2599e2', 40, 1, 'authToken', '[]', 0, '2021-03-22 07:43:49', '2021-03-22 07:43:49', '2022-03-22 07:43:49'),
('8ae2feccff9de61c2f419bec983a9b28cc177d8b4a7303bdcfb1080a277ad719261811e66005bf26', 40, 1, 'authToken', '[]', 0, '2021-02-23 13:52:07', '2021-02-23 13:52:07', '2022-02-23 13:52:07'),
('8af52be8f48fc190db0facd31adfecef6ce9d7cd164249302e21ac2572b8564787b3143151dabefd', 40, 1, 'authToken', '[]', 0, '2021-03-06 06:40:22', '2021-03-06 06:40:22', '2022-03-06 06:40:22'),
('8b294fba84fe90d1fe93ec2cdfac66d305c9e38fd19a8c6936d78a01c49b6d44a7d96b1dfbb49771', 40, 1, 'authToken', '[]', 0, '2021-02-23 11:03:06', '2021-02-23 11:03:06', '2022-02-23 11:03:06'),
('8b739d519e6d95cbf47be39a87f71e16c8b317fbdf5c0dc63a873814a560f85d3f9ed334226e3580', 10, 1, 'authToken', '[]', 0, '2021-02-16 06:03:15', '2021-02-16 06:03:15', '2022-02-16 11:33:15'),
('8bbd4b54e99c975fb0fecddca8c6ff8996207f450449fbaad1ee03eb71ead5e8d48cfbf98014d9e9', 41, 1, 'authToken', '[]', 0, '2021-02-19 11:19:03', '2021-02-19 11:19:03', '2022-02-19 11:19:03'),
('8caadcb0da51fe13bd7b13a20506748156544b318cf0664200c94abb9b1d3510b0d6b76cd24054c9', 40, 1, 'authToken', '[]', 0, '2021-02-25 09:20:27', '2021-02-25 09:20:27', '2022-02-25 09:20:27'),
('8cae1d48bd306aa511f2098a02763771ac07e7a5f432160533cabe1a9e202ef38b7096c47d9241d7', 40, 1, 'authToken', '[]', 0, '2021-02-25 13:44:02', '2021-02-25 13:44:02', '2022-02-25 13:44:02'),
('8cb497e928a34daa1e01f6052e5a7c610e77af777985a814d59eb8653080717d36448b9080d594ee', 40, 1, 'authToken', '[]', 0, '2021-03-29 13:39:31', '2021-03-29 13:39:31', '2022-03-29 13:39:31'),
('8cfdd94678b852c0e4e64b6212d18c1fcb4c9160dfe7f9764799fbcc89fc4195c28d0141f09c6b70', 84, 1, 'authToken', '[]', 0, '2021-04-06 09:26:31', '2021-04-06 09:26:31', '2022-04-06 09:26:31'),
('8d313b93b574b060a0ef6458a8e947a251d6c936fad9a2e65a392322352a6efbd715299a47eb49d9', 40, 1, 'authToken', '[]', 0, '2021-03-27 12:13:57', '2021-03-27 12:13:57', '2022-03-27 12:13:57'),
('8df6fec78ee93d86b6aa1bb5ba3d51aac5fed8c515a5285a41c55b940cddcf0fcf948a0f7a920873', 84, 1, 'authToken', '[]', 0, '2021-04-07 05:50:54', '2021-04-07 05:50:54', '2022-04-07 05:50:54'),
('8e0a84bc0742d1464c29f06bd0524ec4060f083b180d4b3a921e17fb5769b5c22f3ad2bca29dde08', 40, 1, 'authToken', '[]', 0, '2021-03-06 07:15:52', '2021-03-06 07:15:52', '2022-03-06 07:15:52'),
('8e0cdda800afeeb2f3d8abce186baa2250b858d94132f6b4c541ae153a086b22943cff4c463f1c34', 40, 1, 'authToken', '[]', 0, '2021-04-05 05:21:13', '2021-04-05 05:21:13', '2022-04-05 05:21:13'),
('8e12d176d12dfa2074c413c0e9cfb9aaed5391f9cee4b0b22216e104da8ad5305a56bd1fa337c5f4', 62, 1, 'authToken', '[]', 0, '2021-04-05 12:45:36', '2021-04-05 12:45:36', '2022-04-05 12:45:36'),
('8e1b79c33434716629401fcd8c185e9a7ea30d31d3a64e8fd9126f36a73e9430f013b220a4b82ffd', 40, 1, 'authToken', '[]', 0, '2021-03-01 13:24:41', '2021-03-01 13:24:41', '2022-03-01 13:24:41'),
('8e3090698d24949bf79531cafababfe376e3f8b26e062afd24b59a00ab87e404346d7cf791102ed6', 40, 1, 'authToken', '[]', 0, '2021-02-23 13:13:08', '2021-02-23 13:13:08', '2022-02-23 13:13:08'),
('8ea68f6839e7358b430e3ca6d6efafbd863568bf412cd0ebb4c07f79bb58f774676ce208c8f11e94', 40, 1, 'authToken', '[]', 0, '2021-03-10 07:20:09', '2021-03-10 07:20:09', '2022-03-10 07:20:09'),
('8f22b0e39268d8a03dd7f9b4b3d781008cf6b1a7b8527e0fc25b866e136aba236b2462b6c6f096b5', 40, 1, 'authToken', '[]', 0, '2021-03-06 09:56:04', '2021-03-06 09:56:04', '2022-03-06 09:56:04'),
('8f60938f22d3bfa8d522f2b5c2c8fb4cc2be7369a7f427d5afe0d6f868f1413d5efad2427663e891', 111, 1, 'authToken', '[]', 0, '2021-04-15 13:25:49', '2021-04-15 13:25:49', '2022-04-15 13:25:49'),
('8f6ccfc98b5d3b9177fbebcc3509695cb60940cd906645a6390579b243e5d1f64e8f070dbf653fc8', 70, 1, 'authToken', '[]', 0, '2021-04-05 11:58:59', '2021-04-05 11:58:59', '2022-04-05 11:58:59'),
('8f74f401912d3af9a1a5d90d384d04d541b5a3fc719f5967e6ad487007b290828ab2bffa8a9d8574', 40, 1, 'authToken', '[]', 0, '2021-02-25 08:06:00', '2021-02-25 08:06:00', '2022-02-25 08:06:00'),
('8f75f1e137e792be6182ffd6450429bf24354e92fa58071999f6b2c3b7201e92ecc967108017bc2c', 40, 1, 'authToken', '[]', 0, '2021-04-03 12:57:36', '2021-04-03 12:57:36', '2022-04-03 12:57:36'),
('8fdf1b650d3b6c83a6fbbdf3adaf8c366a00e66b040ec192d9e9675c820802788d5d5ec3a447f684', 120, 1, 'authToken', '[]', 0, '2021-04-15 13:46:39', '2021-04-15 13:46:39', '2022-04-15 13:46:39'),
('9009ea0ed0a3299b644f79a5cc6e7c19033c3fd4ddfa42c0b81a7c72600d0efa0aa6bb51f0daa9a2', 11, 1, 'authToken', '[]', 0, '2021-02-18 03:28:36', '2021-02-18 03:28:36', '2022-02-18 08:58:36'),
('902060a1333e4c85bd97f168bfc99f70e7726706225edc3004aa57839f96d58e4557c850b158025a', 86, 1, 'authToken', '[]', 0, '2021-04-29 11:13:14', '2021-04-29 11:13:14', '2022-04-29 11:13:14'),
('9034629ea4bb6f0018923e0520395b6fd96fac17df5a87db47bc43edf1ea0e40181c40e28c733827', 40, 1, 'authToken', '[]', 0, '2021-03-17 08:13:16', '2021-03-17 08:13:16', '2022-03-17 08:13:16'),
('90560fd6ca27c004e1f0b4fa70b1022b3f556c3824891796f57ccb1bec9e19eddab44187eb3c6710', 46, 1, 'authToken', '[]', 0, '2021-02-23 10:32:41', '2021-02-23 10:32:41', '2022-02-23 10:32:41'),
('907588ad8e60aa27ca4271b62a8de2d80b9f588b86e96a10f227a65ef2ab7d6df121ae92840c67c2', 40, 1, 'authToken', '[]', 0, '2021-04-03 13:15:21', '2021-04-03 13:15:21', '2022-04-03 13:15:21'),
('907d75b8e2b6b40e64f1c91e1bd3bf6856ac40458af93ce8f26e938e90f5c7ae562c4200691b3147', 40, 1, 'authToken', '[]', 0, '2021-03-23 08:12:40', '2021-03-23 08:12:40', '2022-03-23 08:12:40'),
('9099c6889422d1ccb9bf0e7b7249aa17327e76abb62f10b2e7694b5ff1827457e3492480176fc232', 100, 1, 'authToken', '[]', 0, '2021-04-14 17:33:12', '2021-04-14 17:33:12', '2022-04-14 17:33:12'),
('90c025e2891a9bcb7fa1ffa1e00f90c18cd5c19a9aa042a73b603bc07cb00f967f3ece26e0354a57', 63, 1, 'authToken', '[]', 0, '2021-04-05 11:30:36', '2021-04-05 11:30:36', '2022-04-05 11:30:36'),
('90c164eb49a94e8be08ad187bfb7ca43176f47ac3ca2c270a1129b5fe49d811a6134920301fdda87', 40, 1, 'authToken', '[]', 0, '2021-03-23 08:00:23', '2021-03-23 08:00:23', '2022-03-23 08:00:23'),
('90dbc8d1384700ddcfa2936e627cd89b165676c62645c4eb8179b254ac8e49f711ecd1708103f249', 55, 1, 'authToken', '[]', 0, '2021-03-22 13:41:01', '2021-03-22 13:41:01', '2022-03-22 13:41:01'),
('910f844f21e83913285441f33d046e55f091215c3489985f2c2f2b877acc69b3cb58a1258954965d', 40, 1, 'authToken', '[]', 0, '2021-03-01 13:16:02', '2021-03-01 13:16:02', '2022-03-01 13:16:02'),
('91278066c7d6ed0112b5916c6475e1b404fc0418fb5569a3595e3cee6d8c553bea6324de0743c84c', 40, 1, 'authToken', '[]', 0, '2021-02-23 13:42:46', '2021-02-23 13:42:46', '2022-02-23 13:42:46'),
('912ee95752e0e1f490770b2629ca2c0582d75a661cc9840748f1832b234939f14717999a997c68f7', 40, 1, 'authToken', '[]', 0, '2021-02-19 10:11:47', '2021-02-19 10:11:47', '2022-02-19 10:11:47'),
('91a79f0277d2d66b5ca0031536ef8b49a8032a956cbac91bfeb86fc62c044dddba7cd68cbac7532d', 40, 1, 'authToken', '[]', 0, '2021-03-27 09:47:17', '2021-03-27 09:47:17', '2022-03-27 09:47:17'),
('9225c029e625d8a39b92e3dd1e943b7157062599431b4d02688582c7f378a8ad2836b0d05dc8f32d', 40, 1, 'authToken', '[]', 0, '2021-03-22 12:16:17', '2021-03-22 12:16:17', '2022-03-22 12:16:17'),
('9262c0e0c1995999f17198373d51659a4f09c6db3b6a74115bc1e50d77ffd4d322dff93c8119de1f', 40, 1, 'authToken', '[]', 0, '2021-03-23 07:53:06', '2021-03-23 07:53:06', '2022-03-23 07:53:06'),
('928691d5f5dbb58404c7d3893dd514c6f935b6e27f36215a6227ef2358fff1d3ee90cc78f94e8392', 40, 1, 'authToken', '[]', 0, '2021-02-25 07:42:13', '2021-02-25 07:42:13', '2022-02-25 07:42:13'),
('933ce557bb8d56f83b3835b7cba7eb015d2de2394f2514f92d98845b30332b2b3b5e312111abc9b4', 40, 1, 'authToken', '[]', 0, '2021-03-23 10:06:56', '2021-03-23 10:06:56', '2022-03-23 10:06:56'),
('938d454fc21ea866eb7b540a2d71552d227a1c78e7d597d242cee793d153acf0ccd0361147c99676', 3, 1, 'authToken', '[]', 0, '2021-02-16 02:32:39', '2021-02-16 02:32:39', '2022-02-16 08:02:39'),
('9392c3af54d52c60f374a5a7794a66f571e5c59be0d79e2925d403385d1469ad55520b6b9c09baec', 40, 1, 'authToken', '[]', 0, '2021-02-25 13:29:10', '2021-02-25 13:29:10', '2022-02-25 13:29:10'),
('940d3c50278b7dc7de06cc6a931970e2d053ac7336a7392b4a3f912177b88d12b504711e8411e341', 9, 1, 'authToken', '[]', 0, '2021-02-16 05:27:56', '2021-02-16 05:27:56', '2022-02-16 10:57:56'),
('948f3fc90a5368c61c68d7f18220248ccb9abba058d14b64fa00f82133b4101b24d52dc7a5301c51', 40, 1, 'authToken', '[]', 0, '2021-02-25 10:54:25', '2021-02-25 10:54:25', '2022-02-25 10:54:25'),
('9530b837df90b1a004fa5a0c7dec6e587f078fb2cc6f2517e17b17e86a4eb0838c86e8f0db4dda40', 40, 1, 'authToken', '[]', 0, '2021-03-11 10:32:55', '2021-03-11 10:32:55', '2022-03-11 10:32:55'),
('959164cca6d0cccb74de41b76a9b261e3d38a7a22506687ea960850506088263815068615b80b7a8', 84, 1, 'authToken', '[]', 0, '2021-04-09 06:50:07', '2021-04-09 06:50:07', '2022-04-09 06:50:07'),
('95d5d0388df6642dca0b87740279e5b2607dff4add1fafe4cc8b04462b251b7558901f4dd9d9d38b', 40, 1, 'authToken', '[]', 0, '2021-03-22 13:12:22', '2021-03-22 13:12:22', '2022-03-22 13:12:22'),
('96646c9b5959fd06dffaaeadcecabce51d86655191d7eac6e7244075a1b81f1af2ebf51de9416743', 40, 1, 'authToken', '[]', 0, '2021-02-24 07:00:39', '2021-02-24 07:00:39', '2022-02-24 07:00:39'),
('9707240e93f14c658d6f64e9ad1f3cba25ec627e125e21256ed04ba6167f54063a7b1b464061c1c6', 55, 1, 'authToken', '[]', 0, '2021-04-05 05:19:05', '2021-04-05 05:19:05', '2022-04-05 05:19:05'),
('970c7565c625d206cc7cdc2c439ce3537e1bfbb93a417da62fa297085501c2323696eac322598cab', 40, 1, 'authToken', '[]', 0, '2021-02-23 12:18:11', '2021-02-23 12:18:11', '2022-02-23 12:18:11'),
('9711987891a38e75dffeaf083492e3a6bfbafcc3136faaf5f0b79f1d386bdceb8fcaf3cda3ead76c', 129, 1, 'authToken', '[]', 0, '2021-04-22 12:02:15', '2021-04-22 12:02:15', '2022-04-22 12:02:15'),
('9711eaaf3e0234841b983329e057218caa210e3930849df58aa8d17119eca2426170e38aeccacb68', 87, 1, 'authToken', '[]', 0, '2021-04-29 05:46:46', '2021-04-29 05:46:46', '2022-04-29 05:46:46'),
('972557ac7f1e46d78b8fe02dd9b194ee5fcf6ba938066a18089d557309dff053c54963a897a9bce5', 40, 1, 'authToken', '[]', 0, '2021-03-08 07:44:06', '2021-03-08 07:44:06', '2022-03-08 07:44:06'),
('979eb34929ce31ae8e7785054f89aeb726c06b88d959e94657cfdb626d9f11c0ead7d10bb01d6e0a', 84, 1, 'authToken', '[]', 0, '2021-04-06 07:53:51', '2021-04-06 07:53:51', '2022-04-06 07:53:51'),
('979f6da68bf471905b184fd5c6ec9e6e2d018ff33dc0b758a42f78e5ff852657a2a27417e416b69b', 40, 1, 'authToken', '[]', 0, '2021-02-25 11:50:13', '2021-02-25 11:50:13', '2022-02-25 11:50:13'),
('97d2ae2684d4447deb4449577fcbe44daf29360f12a466d68f669f57f3cce83e31458f5950cbd936', 40, 1, 'authToken', '[]', 0, '2021-03-01 13:26:51', '2021-03-01 13:26:51', '2022-03-01 13:26:51'),
('97d52cb7f05eb0d3fbbaf5f87a3d8ce31b5eb315ee78fe1fc9cfb4958463a7a113a3027d9133f523', 40, 1, 'authToken', '[]', 0, '2021-03-01 06:15:20', '2021-03-01 06:15:20', '2022-03-01 06:15:20'),
('97e54dd5b748783a361e2b7e3ec6fba557cf1d0829b6526de0fbe650229a6a0cc49aacd29c83ca83', 40, 1, 'authToken', '[]', 0, '2021-02-23 12:08:50', '2021-02-23 12:08:50', '2022-02-23 12:08:50'),
('984ade7a57f47e57c0009305ae07c21194a7d4d68cccc65a0d0d06f1492b0a2f5febdaaff2dc1a51', 40, 1, 'authToken', '[]', 0, '2021-04-05 05:48:26', '2021-04-05 05:48:26', '2022-04-05 05:48:26'),
('98912b45d42c380b9e961ab9b008284a754894fc210f2e1631638c5d645687005c6316058fd2934f', 40, 1, 'authToken', '[]', 0, '2021-03-23 08:22:47', '2021-03-23 08:22:47', '2022-03-23 08:22:47'),
('98b3ce63054905ad215bc1a52aaec4b5561c99a4787ff14c020c57869f2cbd8accf5db6cf2ae2bfe', 40, 1, 'authToken', '[]', 0, '2021-03-11 06:19:08', '2021-03-11 06:19:08', '2022-03-11 06:19:08'),
('98f28b796ec7e1a7c22a49cd03406ec8e598509ea3903c905659255cd42d4531c24a5bd171faa8c0', 40, 1, 'authToken', '[]', 0, '2021-03-22 09:56:53', '2021-03-22 09:56:53', '2022-03-22 09:56:53'),
('99b66d185eed0da7f1042e27ae6260ef2858c8885734cf2dd356afd745cf799da7de3100fee99ae8', 40, 1, 'authToken', '[]', 0, '2021-03-24 09:58:47', '2021-03-24 09:58:47', '2022-03-24 09:58:47'),
('99bb63e3f2b49230ad4f9a3ad75d3eee58302e5fd9c03342614173d879b24f4e098c38543056eeb4', 40, 1, 'authToken', '[]', 0, '2021-03-27 10:19:46', '2021-03-27 10:19:46', '2022-03-27 10:19:46'),
('9abab48e145d7d8dda22986d4e2041a012672812b568fff69e1f9be381279b05c08cb60c5741ea65', 40, 1, 'authToken', '[]', 0, '2021-03-01 08:15:40', '2021-03-01 08:15:40', '2022-03-01 08:15:40'),
('9af2b38d1f9850a4522d07c48197485b4c2f9830fd0c89194f14298c0b6e041fc0a8e9ef49931130', 110, 1, 'authToken', '[]', 0, '2021-04-29 11:42:48', '2021-04-29 11:42:48', '2022-04-29 11:42:48'),
('9b0f7313d0f273b09a83c9fb6364575dcd18eee004095c1590796008101c0a5cda7c5cfb6762b6bb', 55, 1, 'authToken', '[]', 0, '2021-03-25 06:14:49', '2021-03-25 06:14:49', '2022-03-25 06:14:49'),
('9b86a9f53443dce580bbc144757cce17f3ea1ca264abcb4d65e3d1c2a4d18f5c1770a06d2134320b', 40, 1, 'authToken', '[]', 0, '2021-02-23 10:54:10', '2021-02-23 10:54:10', '2022-02-23 10:54:10'),
('9bd78e65a5cea2c29ae6bb0195edda34ccb37b1539d1378c6cab7304763c6efc18f0183f75038157', 10, 1, 'authToken', '[]', 0, '2021-02-25 06:27:12', '2021-02-25 06:27:12', '2022-02-25 06:27:12'),
('9c0087045cdd1caccd7aa573eadfdff74b18849a5d7236601777229aea14208cba1a5577f597353a', 40, 1, 'authToken', '[]', 0, '2021-02-25 11:45:15', '2021-02-25 11:45:15', '2022-02-25 11:45:15'),
('9c98585583e276679e7ee6bd4919ade4ebdb767870bb219ea9b0b67fbce30b594ae47f7d67be278a', 50, 1, 'authToken', '[]', 0, '2021-03-17 13:26:26', '2021-03-17 13:26:26', '2022-03-17 13:26:26'),
('9ca393802e7a19c3ec038bb9eda3b1d6448d5507c9ed08125f8a595a1c47da9a3e94fdf930f066ad', 122, 1, 'authToken', '[]', 0, '2021-04-15 13:49:41', '2021-04-15 13:49:41', '2022-04-15 13:49:41'),
('9cc97e27e7a741ab302453cdcb5602283ad73372629c0988cdb34dadd805f7d94d2172fb23057a93', 87, 1, 'authToken', '[]', 0, '2021-04-29 05:19:16', '2021-04-29 05:19:16', '2022-04-29 05:19:16'),
('9dac4f2605669194a120fe79726b5a57e649c4e6b5d7eb1907a1ecc6a4d94d10415afdb1431fc85e', 84, 1, 'authToken', '[]', 0, '2021-04-09 07:11:26', '2021-04-09 07:11:26', '2022-04-09 07:11:26'),
('9db815a011a3336b652ea1b1c2282d4f1b8e2e4a557e1714746e3a2f296d3f6eb97bbf78957093fb', 40, 1, 'authToken', '[]', 0, '2021-03-23 11:07:44', '2021-03-23 11:07:44', '2022-03-23 11:07:44'),
('9dc1ecce94fb80c01820313d5e32517864edd2755fb154a5c529542e405e6c738efc74ce4f58e4dd', 55, 1, 'authToken', '[]', 0, '2021-03-23 06:03:17', '2021-03-23 06:03:17', '2022-03-23 06:03:17'),
('9ddb5e5b5d757e2b1452ef3cde01eb4b231fbe7b0f12b6eeb5907a9d25bff8d182f372452f96cbbd', 40, 1, 'authToken', '[]', 0, '2021-04-05 05:21:14', '2021-04-05 05:21:14', '2022-04-05 05:21:14'),
('9ea2106fe4d0d9d8fd1835ef8bc8da09332278366f5bf08772e4ad19636bb8826be2b9fb1a5265e9', 40, 1, 'authToken', '[]', 0, '2021-03-01 11:17:34', '2021-03-01 11:17:34', '2022-03-01 11:17:34'),
('9ec638ebb0fba770c8c3f50c9d97aa908aa8e5dd5fd20c08402f572d873760fcd61c291abd7aa99a', 54, 1, 'authToken', '[]', 0, '2021-03-17 13:17:54', '2021-03-17 13:17:54', '2022-03-17 13:17:54'),
('9ed54c46a30be66f65a09206c4b047c66cd119f8cd74459cd5f4364adbb13ebca2ca14879a39e047', 40, 1, 'authToken', '[]', 0, '2021-02-23 10:24:11', '2021-02-23 10:24:11', '2022-02-23 10:24:11'),
('9f0b56cb2bd9bdcdc0544379f261209a18fd9ba18d03eeebbc2a6d83df62ad587442591b7af94bdf', 40, 1, 'authToken', '[]', 0, '2021-02-23 13:39:36', '2021-02-23 13:39:36', '2022-02-23 13:39:36'),
('9f126556aa07cafa13f396564f716060f58755dd03fcc770edfdc19e0b5e5e4f39bc2fd200ddf452', 40, 1, 'authToken', '[]', 0, '2021-03-02 07:35:59', '2021-03-02 07:35:59', '2022-03-02 07:35:59'),
('a038982d0f244ada0ac61cbaba60fa905e3f7c5896cbb248f8516bf68b66575b80e02b1d166df766', 47, 1, 'authToken', '[]', 0, '2021-02-22 05:41:11', '2021-02-22 05:41:11', '2022-02-22 05:41:11'),
('a0955b9fc2af1383bfcd2ca3e5a86615580c9440606a882a578bc4c4bd521aade5249479335cabf4', 40, 1, 'authToken', '[]', 0, '2021-03-27 09:25:08', '2021-03-27 09:25:08', '2022-03-27 09:25:08'),
('a0b68ca747fc8888e58d1c677de5a6ad134e6410b3386495d7cc34a679d206524cfd2a6e53cbddff', 40, 1, 'authToken', '[]', 0, '2021-03-06 07:13:09', '2021-03-06 07:13:09', '2022-03-06 07:13:09'),
('a0bbc2a095fb39c39af6266d3ec1d6ca31c6bc8a1ab33ad71ad794c8118477a0ef410a4f61d40ec1', 40, 1, 'authToken', '[]', 0, '2021-03-24 07:08:36', '2021-03-24 07:08:36', '2022-03-24 07:08:36'),
('a1bc17cb3fc24839fb80185bb82e9c6e3404a4ab12dd4384d9994535b50ce61eb83ed206e6f85082', 40, 1, 'authToken', '[]', 0, '2021-02-23 12:58:17', '2021-02-23 12:58:17', '2022-02-23 12:58:17'),
('a1d6a56f0a0b4fc18afd355e67bd68c7f5c413cfe7ddee6378c0310e7873d5616d702d176acf16d9', 11, 1, 'authToken', '[]', 0, '2021-02-18 01:48:25', '2021-02-18 01:48:25', '2022-02-18 07:18:25'),
('a1feaeb650e80f5c6e06d8c83a2ec958446732b94915c0c99fe03214dcebf7b394dfd8a4cc68093a', 40, 1, 'authToken', '[]', 0, '2021-02-23 11:46:43', '2021-02-23 11:46:43', '2022-02-23 11:46:43'),
('a27163349dbef05d7bf2a99d544fb2c41bb4b5582c41658d39659879a5130f2a73d09eee53cfbc70', 40, 1, 'authToken', '[]', 0, '2021-02-23 11:48:45', '2021-02-23 11:48:45', '2022-02-23 11:48:45'),
('a293db7ef901bf46327b11c978d7197c9e7aa4be0bda62409e5b5d1321b6ff4338430cacdf58c5d4', 40, 1, 'authToken', '[]', 0, '2021-02-24 09:09:56', '2021-02-24 09:09:56', '2022-02-24 09:09:56'),
('a35117e2814b79f7c28a986d8d8ee5dc3e213b61106a471ff62798c60ee8b0303abc3e5125d3424e', 40, 1, 'authToken', '[]', 0, '2021-02-23 11:39:10', '2021-02-23 11:39:10', '2022-02-23 11:39:10'),
('a367d5f7d0bbd788b3b9cb9ff5a8a49f1c71d90650b0a90e74cffb80296fe2c76784774371cc8dbe', 62, 1, 'authToken', '[]', 0, '2021-04-05 11:23:45', '2021-04-05 11:23:45', '2022-04-05 11:23:45'),
('a36a2775a3574b89b7f01b7a8bc149083d6cfa27b1d97228126bd9c9a8ffe623bcf94eb7a96471f4', 84, 1, 'authToken', '[]', 0, '2021-04-28 05:37:11', '2021-04-28 05:37:11', '2022-04-28 05:37:11'),
('a390cc6f726279984791c4068989eea0e541cb8b7be15bd8e02b2ba4672a981587b6e702e3323820', 10, 1, 'authToken', '[]', 0, '2021-02-23 10:03:18', '2021-02-23 10:03:18', '2022-02-23 10:03:18'),
('a3db8761e7c1da9cc1181e431fe98a72c03daf595175f54b3909b4a439548abfba535735a08c9653', 55, 1, 'authToken', '[]', 0, '2021-03-23 06:06:39', '2021-03-23 06:06:39', '2022-03-23 06:06:39'),
('a3e2774d6322e1a11efdeeaf26bfab6bd60b80e5989edf1ee25b0499f39428cfe947cab9988e91fe', 40, 1, 'authToken', '[]', 0, '2021-02-25 13:08:20', '2021-02-25 13:08:20', '2022-02-25 13:08:20'),
('a425949abb793781c33eb53d741ca8b64843a2514d2fb7b498cd02315366fe44c21461036bea3b19', 57, 1, 'authToken', '[]', 0, '2021-04-05 09:12:17', '2021-04-05 09:12:17', '2022-04-05 09:12:17'),
('a42d002ebd674ebca5ad989e9b1d38b081fc9d4bf17e71b2f399c8fabb48d7118bfc51755f9024d1', 40, 1, 'authToken', '[]', 0, '2021-02-23 06:56:17', '2021-02-23 06:56:17', '2022-02-23 06:56:17'),
('a4632fd80d058b26ce0a1a5aeb734af7d0fe56c8762c8273225ac0e61f63dffae082a3c7c5ba3a49', 107, 1, 'authToken', '[]', 0, '2021-04-14 18:28:26', '2021-04-14 18:28:26', '2022-04-14 18:28:26'),
('a51f3ad4a65584ed2b65f5c22cfd9980cdcc6ef01ddeedfacdfd86da7d06211c172e01b50e1d0670', 40, 1, 'authToken', '[]', 0, '2021-03-04 06:17:24', '2021-03-04 06:17:24', '2022-03-04 06:17:24'),
('a5633a37688110ec6a41b65cb2037af95467069a35f99968ce47a871eed36164384ed892a4a7cccc', 42, 1, 'authToken', '[]', 0, '2021-02-19 10:46:07', '2021-02-19 10:46:07', '2022-02-19 10:46:07'),
('a58797a18fe2651e1c4555eda6846860b141260d14939fc2992e7c7b40e710a121596c4f2a83cd8d', 40, 1, 'authToken', '[]', 0, '2021-03-17 09:53:49', '2021-03-17 09:53:49', '2022-03-17 09:53:49'),
('a5bdd421913c23fd9728a8eaf3b8d39df32e91ea5e32247d6af0a9a4e2b1b28670265318b9a32012', 48, 1, 'authToken', '[]', 0, '2021-03-08 09:35:42', '2021-03-08 09:35:42', '2022-03-08 09:35:42'),
('a5d22364219fee003dcb1ba03e6eb7dfd7c0779f2654e77a9f8ed23f0d27f946cf0bb73021a41154', 40, 1, 'authToken', '[]', 0, '2021-02-25 12:10:50', '2021-02-25 12:10:50', '2022-02-25 12:10:50'),
('a63b137fdb873b222366963260c4069e3fee3c25b3e21b7693a4771bcd2b9bf6d8fb41628beb9de6', 40, 1, 'authToken', '[]', 0, '2021-03-23 08:05:15', '2021-03-23 08:05:15', '2022-03-23 08:05:15'),
('a69be0ebf654c5ff69ea2b9286f03119eb19dbc7318b1dce4ea2df9ea3b69a9f7af58c9191f28967', 40, 1, 'authToken', '[]', 0, '2021-02-25 10:13:52', '2021-02-25 10:13:52', '2022-02-25 10:13:52'),
('a69c91226d52400444446060ed1e214744985b68144c211483d14aea80a79460465097835a24a162', 40, 1, 'authToken', '[]', 0, '2021-03-01 11:12:54', '2021-03-01 11:12:54', '2022-03-01 11:12:54'),
('a70090421c944c690f5a0b394ddadde24a97029e5b23ffc6b54078f337e04f8a1dd44d892d56b85d', 40, 1, 'authToken', '[]', 0, '2021-03-06 07:36:29', '2021-03-06 07:36:29', '2022-03-06 07:36:29'),
('a72a584b6f6b31df83da732aefcc4607e52f1ba92b32a1378eb378e6ff1e9895204249ae6942dd9e', 40, 1, 'authToken', '[]', 0, '2021-03-11 06:52:54', '2021-03-11 06:52:54', '2022-03-11 06:52:54'),
('a73eb9c324f23efbc4ffa4b7975e8f822a64321b2207cb8efce086695b731363a3ba9ab9a60eb594', 40, 1, 'authToken', '[]', 0, '2021-03-30 06:46:23', '2021-03-30 06:46:23', '2022-03-30 06:46:23'),
('a74416d2e1db026d2d30f8225bc240578cdcd0a3c234d831707822ea116623ac2bfd36ba469528a0', 109, 1, 'authToken', '[]', 0, '2021-04-14 18:30:26', '2021-04-14 18:30:26', '2022-04-14 18:30:26'),
('a81290c65625609972835bdacc4e4dbe9b4c6db80968ef481cccad791b545f8f2949e91c89624ad9', 40, 1, 'authToken', '[]', 0, '2021-03-31 04:29:09', '2021-03-31 04:29:09', '2022-03-31 04:29:09'),
('a8580f2abbfafd6c19e785d74f79b972f4e2fc69da9ad0ccf07e2a229358f157d3815989e6486064', 40, 1, 'authToken', '[]', 0, '2021-03-04 06:34:26', '2021-03-04 06:34:26', '2022-03-04 06:34:26'),
('a8d7df79fcabf1f262dd4deb92c84432b9a9f840bf9b968faa17ce350306b18442bfe01b49fafefc', 51, 1, 'authToken', '[]', 0, '2021-03-17 07:25:50', '2021-03-17 07:25:50', '2022-03-17 07:25:50'),
('a8f32e309d2bf87071eb6711ce960d2c9ab04f5501187080a1af9d7f46de965901f070016cbd5ab6', 8, 1, 'authToken', '[]', 0, '2021-02-16 05:16:57', '2021-02-16 05:16:57', '2022-02-16 10:46:57'),
('a8f73ce9bf6576edf52470b467f70ab6b80778b62d8b8a7f2ab6f27ca936049cbdcbb5ada3c9d792', 110, 1, 'authToken', '[]', 0, '2021-04-29 11:37:36', '2021-04-29 11:37:36', '2022-04-29 11:37:36'),
('a91028698ef50924a89c1d7e8da600237f71f801809730194821900e9deaa838673d8b0cee605d65', 40, 1, 'authToken', '[]', 0, '2021-03-23 09:45:14', '2021-03-23 09:45:14', '2022-03-23 09:45:14'),
('aa65c9416870faec192623c3602f8d86bac090bc5043cd73fb9589c197870188f1806ce6d53d75f8', 40, 1, 'authToken', '[]', 0, '2021-04-02 04:28:59', '2021-04-02 04:28:59', '2022-04-02 04:28:59'),
('aaad5cfe66c5cd109865be098786f297ebc8ecea3d2ee52597d4886f7099ddfc9921028b6e6aa665', 40, 1, 'authToken', '[]', 0, '2021-03-01 14:18:40', '2021-03-01 14:18:40', '2022-03-01 14:18:40'),
('aacfd44491df6bf882482da174e1c7b5fd1cdd638a69b23b65de3214a993717a438518587f01c954', 40, 1, 'authToken', '[]', 0, '2021-03-26 07:25:57', '2021-03-26 07:25:57', '2022-03-26 07:25:57'),
('ab2987528ecc108d1874f64df106b791c2e1aac052ffe6d13c57e69abda456eb72b5a61cb872a70c', 40, 1, 'authToken', '[]', 0, '2021-03-02 07:24:19', '2021-03-02 07:24:19', '2022-03-02 07:24:19'),
('ab3d5396e6c8b12eb6f267dee86e651f72ff2a81e5ef0cd15c44bc3526c1c48e81390adbd5262935', 40, 1, 'authToken', '[]', 0, '2021-03-02 07:11:44', '2021-03-02 07:11:44', '2022-03-02 07:11:44'),
('ab89fd9e81e428f708240c7261b08d233eb806217ae77a67dec32ebeb02561e5dd8ba3728629bd46', 55, 1, 'authToken', '[]', 0, '2021-04-03 12:03:05', '2021-04-03 12:03:05', '2022-04-03 12:03:05'),
('abb2fea731b23ab7f8c8b5d99db4fa9caefc22f29ac8d6261adf6b0b4453a921d2a9b76e662345b9', 40, 1, 'authToken', '[]', 0, '2021-03-02 07:16:42', '2021-03-02 07:16:42', '2022-03-02 07:16:42'),
('ac18233aef388326ebdda28763260b9903db7e5c2d4a13f0cd1a9a34300e79e3dd0622b77c0ebc44', 40, 1, 'authToken', '[]', 0, '2021-03-01 07:44:07', '2021-03-01 07:44:07', '2022-03-01 07:44:07'),
('aca642c17c1a5bf4c4c194162846394fed540669b653df642604b491e07ace6fb5a0771b791044e8', 50, 1, 'authToken', '[]', 0, '2021-03-17 13:27:58', '2021-03-17 13:27:58', '2022-03-17 13:27:58'),
('acb6e1e0666f4714470ccdea2c35c6a67727dd671dbe8d60d7fb1e2210a4197a6e2131494e40b1ff', 40, 1, 'authToken', '[]', 0, '2021-04-05 05:41:38', '2021-04-05 05:41:38', '2022-04-05 05:41:38'),
('ad10b6859f15373571b941ec9756b2af0150192d5e938f420553f27c263a13cdd7a18b9f298c6ebe', 50, 1, 'authToken', '[]', 0, '2021-03-23 06:22:03', '2021-03-23 06:22:03', '2022-03-23 06:22:03'),
('ad1f0ff5df72a87e78d760e911bb32a77b9397f8ca809f4420fab6894dd0360a38de2b7a5269e03f', 50, 1, 'authToken', '[]', 0, '2021-04-05 04:39:33', '2021-04-05 04:39:33', '2022-04-05 04:39:33'),
('ad212749f5a29992f1d5e2f3883c8f468e2a025d01de27e7e0a86b6dce73938722444af0a24c0a72', 40, 1, 'authToken', '[]', 0, '2021-04-05 05:47:34', '2021-04-05 05:47:34', '2022-04-05 05:47:34'),
('ad59c15dae03eb354c4ec8bcec9ef2a467b15ad91b3fd54d57f97db00c72391302c265145dc93a32', 40, 1, 'authToken', '[]', 0, '2021-03-04 06:45:58', '2021-03-04 06:45:58', '2022-03-04 06:45:58'),
('ad7b5ecb40a4e8313c5acba37af615ea0976d3f3e629977eb1283ec089aaad82cd32434400631d71', 40, 1, 'authToken', '[]', 0, '2021-03-02 07:04:35', '2021-03-02 07:04:35', '2022-03-02 07:04:35'),
('adcab503afc4f78f33779f80f81cbd3ef8973bcf3b3ca1688b1fc823866dfc63577b01c2eebf76c2', 40, 1, 'authToken', '[]', 0, '2021-02-22 06:15:12', '2021-02-22 06:15:12', '2022-02-22 06:15:12'),
('addb6a87f274ab99bad2d477f76b2eaa2423c20b8ad67387e5f18c7ca54dc900bf8dcef9f7764cfa', 54, 1, 'authToken', '[]', 0, '2021-03-10 07:54:28', '2021-03-10 07:54:28', '2022-03-10 07:54:28'),
('ae0f19d3514457941dc5c9aeed13d0566de9658dc83de828f9e0a576898e0d8629cac436eafd5a61', 40, 1, 'authToken', '[]', 0, '2021-02-25 09:53:26', '2021-02-25 09:53:26', '2022-02-25 09:53:26'),
('ae52660cd0999e3393586fc18d2888fdd7138346560d286793c6d6a669719a37379d97cd62571cd3', 40, 1, 'authToken', '[]', 0, '2021-03-03 12:58:19', '2021-03-03 12:58:19', '2022-03-03 12:58:19'),
('af1612c4be1f8f0f2ebf28949bf11c0c08482b419f6c9c860c99564767d61660b69fcd22b050764e', 40, 1, 'authToken', '[]', 0, '2021-03-03 13:43:14', '2021-03-03 13:43:14', '2022-03-03 13:43:14'),
('afea22b6ebd7f6db9760da991d9ef2cb0327b0f8fad4972ff5c01705b828cda36f46d1c90388ad0b', 63, 1, 'authToken', '[]', 0, '2021-04-05 12:53:37', '2021-04-05 12:53:37', '2022-04-05 12:53:37'),
('b03394b612b6dcb5ca59ed353d8ae7ee681acae46bb6bc7b0119fe809f7c2e79140e859c01399c1f', 63, 1, 'authToken', '[]', 0, '2021-04-05 12:53:15', '2021-04-05 12:53:15', '2022-04-05 12:53:15'),
('b09f7b1dd3e795cb0ae692bb1048629f9563f68c22cec326e3a18c186ba90c776bd069458c98c80a', 40, 1, 'authToken', '[]', 0, '2021-03-27 10:28:02', '2021-03-27 10:28:02', '2022-03-27 10:28:02'),
('b0a1120e789425d8238d6f14edfca8942cd4c241008f3ef6bf6a953d9ea8aaa26c007421a63f8c0f', 10, 1, 'authToken', '[]', 0, '2021-03-23 11:00:47', '2021-03-23 11:00:47', '2022-03-23 11:00:47'),
('b0e75f7dc92d04e9acab81c97ee65f632745edba5cbc7b49d92ae0da33c18bbab2030834e252c1ce', 50, 1, 'authToken', '[]', 0, '2021-03-10 07:12:59', '2021-03-10 07:12:59', '2022-03-10 07:12:59'),
('b1022ef00d9e0a69880e5043d4c513009ac24c6fb65787db266f80a470fb357b0cd43470b0ef7424', 40, 1, 'authToken', '[]', 0, '2021-03-30 13:03:37', '2021-03-30 13:03:37', '2022-03-30 13:03:37'),
('b17689e75decd6f938ffc2dcdf07acee3cff5acffb3405e307b5fd14ed60261da2a8323a37a06fe0', 40, 1, 'authToken', '[]', 0, '2021-02-24 06:08:16', '2021-02-24 06:08:16', '2022-02-24 06:08:16'),
('b1a12e82e06442712836235580aa832462798cfac2feeec9835b7bdf1c1fa1ea2f5cc8d5d3efb66e', 40, 1, 'authToken', '[]', 0, '2021-03-11 10:22:03', '2021-03-11 10:22:03', '2022-03-11 10:22:03'),
('b1a51f578e347e64fd72f7cd62e6ee3da79f95ad5ebc8fd420ee01a1dd03c61babd41716a901fa5d', 40, 1, 'authToken', '[]', 0, '2021-03-23 11:01:08', '2021-03-23 11:01:08', '2022-03-23 11:01:08'),
('b1e4653868a0695f96ca05be366e41ea1bb75eaf5f54be134ed0a76367f5dffd00bcccd7ab5e31a0', 40, 1, 'authToken', '[]', 0, '2021-03-05 08:18:40', '2021-03-05 08:18:40', '2022-03-05 08:18:40'),
('b217ef0c3a3b539c4bc950e8a7faa4fd104be7e4c8a5a6a6818b8d111eb8ccfc859d68dd044550c8', 40, 1, 'authToken', '[]', 0, '2021-03-11 07:52:38', '2021-03-11 07:52:38', '2022-03-11 07:52:38'),
('b25985d2a32b177c7c52773129a635e83f6ddae5bbcd21f713ded0f623284864ef2c0d0030b112c8', 40, 1, 'authToken', '[]', 0, '2021-02-23 13:23:20', '2021-02-23 13:23:20', '2022-02-23 13:23:20'),
('b27a4a52f26567961748735e11be437f2d85cddb19b8426f9c6e08cecd0590024290485815d67df1', 40, 1, 'authToken', '[]', 0, '2021-02-23 10:24:11', '2021-02-23 10:24:11', '2022-02-23 10:24:11'),
('b32510874bd875a2b4845e5d62ffda085b402136325655d86743b0d610fbe70cb5113f5e9e3f34e0', 40, 1, 'authToken', '[]', 0, '2021-03-03 13:41:57', '2021-03-03 13:41:57', '2022-03-03 13:41:57'),
('b3487b9465624fc94c6b79fc820f6287dec9e3c91bb30a8063bf4d179a3048e7766cfb0b488e7a29', 40, 1, 'authToken', '[]', 0, '2021-03-11 10:32:01', '2021-03-11 10:32:01', '2022-03-11 10:32:01'),
('b37140c4494e8350c7fc07dde76e108c53593a4b79511baf447969c4b5ccd6c5ff34d7f9b7f66214', 40, 1, 'authToken', '[]', 0, '2021-03-17 08:04:18', '2021-03-17 08:04:18', '2022-03-17 08:04:18'),
('b51ef165156601000d165bf9ffa507b9efb3f5467c70436b8e954ed42c1fd96308f419db9abed92d', 40, 1, 'authToken', '[]', 0, '2021-03-22 11:54:24', '2021-03-22 11:54:24', '2022-03-22 11:54:24'),
('b554c2f2bf592992efc766774f03099c57f3ff891764b9c35b7e003fdfe86fde191da531f62b0b45', 40, 1, 'authToken', '[]', 0, '2021-03-03 10:29:02', '2021-03-03 10:29:02', '2022-03-03 10:29:02'),
('b55e53621a262171b5eb8c699e8a96abcd899d3a29ae4faf966dac5ebf33a192ad790f5564c08889', 40, 1, 'authToken', '[]', 0, '2021-03-29 08:53:39', '2021-03-29 08:53:39', '2022-03-29 08:53:39'),
('b565b139642f5dfea93f480d3a74e16f0f75d6759ce9b2bb1db6d5d5d8c8a64df24205e4e9714b18', 40, 1, 'authToken', '[]', 0, '2021-02-26 07:12:57', '2021-02-26 07:12:57', '2022-02-26 07:12:57'),
('b5733159306176502a09e986108c1583062e16ae6a4fa1515597f276b2562e3eb214834988a64f32', 40, 1, 'authToken', '[]', 0, '2021-03-02 07:38:20', '2021-03-02 07:38:20', '2022-03-02 07:38:20'),
('b5a4a75fa817c8f0b62d0942a6b45e0545cd419dacb904156f11fc96392947edbf77dbdee2f291f7', 63, 1, 'authToken', '[]', 0, '2021-04-05 11:52:19', '2021-04-05 11:52:19', '2022-04-05 11:52:19'),
('b5b1213b33f6b4937a320d7ad9add5988abd5e1854c5aa56552d5b42224261912edd39aa9fec49ec', 40, 1, 'authToken', '[]', 0, '2021-03-22 12:02:08', '2021-03-22 12:02:08', '2022-03-22 12:02:08'),
('b62aa678a473ed6b6352b22f68be2f173e7e8d0dbee2292cc551ce5dded7d7e7fe838651353e27f4', 40, 1, 'authToken', '[]', 0, '2021-03-20 07:39:46', '2021-03-20 07:39:46', '2022-03-20 07:39:46'),
('b65a977147dcd1e09dd34648d18e57c54e16febc400ebcbcbd57d190df5c7e74939c4d74ede63c70', 50, 1, 'authToken', '[]', 0, '2021-03-23 05:52:08', '2021-03-23 05:52:08', '2022-03-23 05:52:08'),
('b676e20e3c88d163055ce602b07d6f00ea8b0d31ac003734852b4911eb4f89d34612958f44768e48', 40, 1, 'authToken', '[]', 0, '2021-02-23 11:06:17', '2021-02-23 11:06:17', '2022-02-23 11:06:17'),
('b6e63bcd6d1d6e1e440fddeac1ab72700643ef9b108774af89f9ed0b77456224a497d7d7b6049829', 40, 1, 'authToken', '[]', 0, '2021-04-05 05:19:06', '2021-04-05 05:19:06', '2022-04-05 05:19:06'),
('b7c9aea99926c8aa0c5504cf79ca867f9a619aa842a8d9b7d5eda96c1fbd80108bbcf1eab7d83fe5', 40, 1, 'authToken', '[]', 0, '2021-03-11 08:13:25', '2021-03-11 08:13:25', '2022-03-11 08:13:25'),
('b86c2213892b4ea1ba862255a494b28021260a54af54bb6d990469f5666298b4c2e1d2ab4829d9b0', 40, 1, 'authToken', '[]', 0, '2021-03-11 10:39:13', '2021-03-11 10:39:13', '2022-03-11 10:39:13'),
('b88046d20c494cf17ce6340a9f0ae55f011a8762be26b082bd28ef504755b90f0e71c5e1bb0a6f11', 40, 1, 'authToken', '[]', 0, '2021-03-01 11:11:24', '2021-03-01 11:11:24', '2022-03-01 11:11:24'),
('b8be132ca8568a2c1327ea07695cb1bd7b48559b48863650f4eee4875b5bbf44f5ab2a8d60f0853e', 40, 1, 'authToken', '[]', 0, '2021-02-26 07:46:08', '2021-02-26 07:46:08', '2022-02-26 07:46:08'),
('b8d7eb9f3c15f9c5e0ff4dbf4966f847b419cb72781280a6f418ad6347a0ce360538fabd94cbbd85', 40, 1, 'authToken', '[]', 0, '2021-02-25 12:00:04', '2021-02-25 12:00:04', '2022-02-25 12:00:04'),
('b925a07175d26909f2673a04506196231a1173d6204594449828eddbded40d2caeafc87e16156b31', 40, 1, 'authToken', '[]', 0, '2021-03-01 13:16:25', '2021-03-01 13:16:25', '2022-03-01 13:16:25'),
('b92bd83588ef4b12d47be1c2435642ea8412960ac7ff11202952027573f68b6ee1de88d4baef3736', 10, 1, 'authToken', '[]', 0, '2021-02-18 03:17:48', '2021-02-18 03:17:48', '2022-02-18 08:47:48'),
('b92efca5d671460a29e7ee807c4309e50d43ea0c1af137736a889e59656eee8bbb81c814ed4f4e80', 40, 1, 'authToken', '[]', 0, '2021-02-23 13:42:45', '2021-02-23 13:42:45', '2022-02-23 13:42:45'),
('b94102697699d50b16388ccbb245a6f4e9b03c9737e8e8578c7868eb71fa6a56f35a5271237923c7', 40, 1, 'authToken', '[]', 0, '2021-03-29 13:26:22', '2021-03-29 13:26:22', '2022-03-29 13:26:22'),
('b95ccf8c459347d070ed20a20d6eb7274745c24960049fa32f6c563adefdd10b696cf02e3da9637e', 84, 1, 'authToken', '[]', 0, '2021-04-06 07:38:45', '2021-04-06 07:38:45', '2022-04-06 07:38:45'),
('b9c60878b2cef8491ecca9539a7af267294a4c7bdaa93a96a51e9269a98d33641dfcf981485bbef5', 40, 1, 'authToken', '[]', 0, '2021-04-05 05:23:36', '2021-04-05 05:23:36', '2022-04-05 05:23:36'),
('ba7c9f102b76be4501687bb85d0d831dde2d2c876e411e2af81f07a8ee73925bae3dc54e9f73a719', 40, 1, 'authToken', '[]', 0, '2021-02-25 13:02:09', '2021-02-25 13:02:09', '2022-02-25 13:02:09'),
('bb39e9d5f085432f4aaf6b14f7eeff37a610c38a2ab63e33f3d5a184577584e82677d1f813342b62', 62, 1, 'authToken', '[]', 0, '2021-04-05 12:51:57', '2021-04-05 12:51:57', '2022-04-05 12:51:57'),
('bb55c3faf41c110401e7516923ce39218bd111a20d5f30d87dcd9c003425c9d260fb74978c09ca6c', 40, 1, 'authToken', '[]', 0, '2021-02-23 09:49:08', '2021-02-23 09:49:08', '2022-02-23 09:49:08'),
('bb8b4cb3dc4a164a010e2d68511f5d7343e531bbc4bda072eb91ab140dbfe55cdf88b6df582c35d2', 40, 1, 'authToken', '[]', 0, '2021-03-01 10:50:45', '2021-03-01 10:50:45', '2022-03-01 10:50:45'),
('bbc861c2f0ee1590a5f53b8016e5edd95eb3104b75ba591918fa9f7674de9cb51619f3cb5d39b0d1', 40, 1, 'authToken', '[]', 0, '2021-02-23 11:23:21', '2021-02-23 11:23:21', '2022-02-23 11:23:21'),
('bc1d220f2608896b5c1ed2dc0a1b2814adc19045d13e58820c5cc3876931de36272b6fe68371d9bb', 10, 1, 'authToken', '[]', 0, '2021-03-22 10:26:34', '2021-03-22 10:26:34', '2022-03-22 10:26:34'),
('bc59b34b48faa0ca7a5d94306e6a4d40ff7d4c7547a1783e72f3852b45698f7915c954a146211c8a', 46, 1, 'authToken', '[]', 0, '2021-02-23 09:11:12', '2021-02-23 09:11:12', '2022-02-23 09:11:12'),
('bc7f8dc7981adaff6bf2233651264d1c11c8fdff429d56f2cfc886921eec14cec8e76ab78dd57bc6', 40, 1, 'authToken', '[]', 0, '2021-03-01 07:30:20', '2021-03-01 07:30:20', '2022-03-01 07:30:20'),
('bca5cc7a70951895a4e160b7285a1b2fef85aa23c2219f848b476ad45b07f4787fd4109c27b57ee8', 10, 1, 'authToken', '[]', 0, '2021-02-23 10:02:40', '2021-02-23 10:02:40', '2022-02-23 10:02:40'),
('bcaf10f832f936e9db04497b5ab4b7aba7a6dc0f1e7f08f9055e7bc279503f207d121d221468bf62', 40, 1, 'authToken', '[]', 0, '2021-04-03 08:30:34', '2021-04-03 08:30:34', '2022-04-03 08:30:34'),
('bd249365f05844f3aab878b7f62f107f1477261890ed5928a3130dea536c673254d10ee9f0a5942e', 46, 1, 'authToken', '[]', 0, '2021-02-23 09:52:28', '2021-02-23 09:52:28', '2022-02-23 09:52:28'),
('bd2e2131cf99cd965db01c8d0150a18c8a0e3fb07933c1ef9aca1a43569ca5a7a851520b685ecca1', 10, 1, 'authToken', '[]', 0, '2021-03-17 11:03:21', '2021-03-17 11:03:21', '2022-03-17 11:03:21'),
('bd58c8f4f7d597ab662b44032488179e61e7e66f88cfe8512af0e4e67a0ec9c63ee6e33af6bb0c77', 40, 1, 'authToken', '[]', 0, '2021-03-01 14:02:23', '2021-03-01 14:02:23', '2022-03-01 14:02:23'),
('bd5e360362ecf9306132359e75f3dc2cc05f6e2667cf0abce058f52b6c2a6bc2b59a78d5995d3676', 40, 1, 'authToken', '[]', 0, '2021-02-24 09:11:58', '2021-02-24 09:11:58', '2022-02-24 09:11:58'),
('be7cddadb164b0a058710b10b608e542807e0c40ae2cbdb5d38bf63bbe6d12d5c37c007cca5d5714', 110, 1, 'authToken', '[]', 0, '2021-04-29 11:44:33', '2021-04-29 11:44:33', '2022-04-29 11:44:33'),
('be899018189b3ad5a1ac59b17831c5b44e31b9ef1812b1d61b1e64fe60b7b09bef009a60c3ee885a', 86, 1, 'authToken', '[]', 0, '2021-04-29 13:18:05', '2021-04-29 13:18:05', '2022-04-29 13:18:05'),
('beb8d2db483186f9c3104290926539487f94d7e79cb4f533bf07aa9de82d50e523625981fd11eb43', 40, 1, 'authToken', '[]', 0, '2021-03-03 10:30:55', '2021-03-03 10:30:55', '2022-03-03 10:30:55'),
('bebdde32b8728d4c033554edf7ad988caeb2124f017ac4c218fed6d9ff4f51f97e4dc933e2bf5eb1', 50, 1, 'authToken', '[]', 0, '2021-04-05 04:49:33', '2021-04-05 04:49:33', '2022-04-05 04:49:33'),
('bec1e7bfd433c1b17b70b25114316f250923cc16993d0c58c0315e8ee67216ffca623d5af48c0839', 63, 1, 'authToken', '[]', 0, '2021-04-06 06:19:22', '2021-04-06 06:19:22', '2022-04-06 06:19:22'),
('bed214d7fb4a9984ed8488bd86550eaa785ecd0449abe216e3c6894edba37ea656a5301f4a902fa9', 40, 1, 'authToken', '[]', 0, '2021-02-23 13:11:15', '2021-02-23 13:11:15', '2022-02-23 13:11:15'),
('bf64af2a5f9f4928bc5b084547f09e9b954ea16bb80ca9399b8b04f4c4ce49c3a3ae0aae6d7a601d', 40, 1, 'authToken', '[]', 0, '2021-03-01 08:04:19', '2021-03-01 08:04:19', '2022-03-01 08:04:19'),
('bf6c425fe4b1916b85d9f37cf04f13e66e61b8988f6a4f5f3c741103cc1d7bcf90f05f0f720cf958', 40, 1, 'authToken', '[]', 0, '2021-03-11 10:56:01', '2021-03-11 10:56:01', '2022-03-11 10:56:01'),
('bfd1205202b25fb0b0ffee0ee6b489be1da1c52972a23bf6a5ad739cf375096a3404828aa72ad28f', 40, 1, 'authToken', '[]', 0, '2021-03-05 06:08:39', '2021-03-05 06:08:39', '2022-03-05 06:08:39'),
('c00af1a8c334c92e6e05a88e0c61d8447405fc89002cfad0a3d98f52fd01b815a929b5b7ab70de8c', 40, 1, 'authToken', '[]', 0, '2021-03-03 10:22:27', '2021-03-03 10:22:27', '2022-03-03 10:22:27'),
('c033a9087a7d07ba3a49910ac83cbf4e4203c468eee52336995ae04d449ed0e1b24f1c45cce42bd3', 12, 1, 'authToken', '[]', 0, '2021-02-18 03:35:25', '2021-02-18 03:35:25', '2022-02-18 09:05:25'),
('c0a06311f16fd351c6acb208210fff51c1d2f7a6098dfb97cf58f1660279247aee077ab5007b99a5', 53, 1, 'authToken', '[]', 0, '2021-03-10 07:46:26', '2021-03-10 07:46:26', '2022-03-10 07:46:26'),
('c0bc509f1f014c24a4ee554152c8d71435cd352111da7dd1366028a59fe533020c301ed8bd981ec8', 10, 1, 'authToken', '[]', 0, '2021-02-18 01:26:55', '2021-02-18 01:26:55', '2022-02-18 06:56:55');
INSERT INTO `oauth_access_tokens` (`id`, `user_id`, `client_id`, `name`, `scopes`, `revoked`, `created_at`, `updated_at`, `expires_at`) VALUES
('c0c8dbb4a724369e43a9c8fb9317d20f4b67c5b8492c8fb09cdbbe67a5871f6be7b2c3d5b4968994', 40, 1, 'authToken', '[]', 0, '2021-03-11 07:55:14', '2021-03-11 07:55:14', '2022-03-11 07:55:14'),
('c0f8b554eea08cbea3cc9f4aaf5363a2c48c8f9adf0581fafa4238f227827d80c96749336466c8cb', 56, 1, 'authToken', '[]', 0, '2021-03-23 11:20:45', '2021-03-23 11:20:45', '2022-03-23 11:20:45'),
('c0fc7a8830b2c2accdd90ddf0a41dd5ada08689b7a228343bc5d99c046a1dc6b57bddb2bc5553445', 84, 1, 'authToken', '[]', 0, '2021-04-10 11:19:18', '2021-04-10 11:19:18', '2022-04-10 11:19:18'),
('c157326f1b55cefeb0d13ae0ca3286680c09f0233ad8a0db7ae8b3b7d29ecc28e2a80f05c55b43ff', 40, 1, 'authToken', '[]', 0, '2021-03-02 07:40:19', '2021-03-02 07:40:19', '2022-03-02 07:40:19'),
('c1588f91eb63f60e31a5f6f53547b2f0d9ef7013d7614968c3d7cae363e4b76425c27228d5fd218e', 40, 1, 'authToken', '[]', 0, '2021-03-24 07:16:55', '2021-03-24 07:16:55', '2022-03-24 07:16:55'),
('c165776d7ef2aab24cf983b769f4f4e7c910ba771b7635cfa9fae86a8a87d2dd455916a920367e45', 40, 1, 'authToken', '[]', 0, '2021-03-02 07:17:51', '2021-03-02 07:17:51', '2022-03-02 07:17:51'),
('c19a559c41e4df2f40a206a53a4813fd2366fadcaa913a32a6a54e985988c7b3fe310514f1051708', 40, 1, 'authToken', '[]', 0, '2021-03-30 13:04:34', '2021-03-30 13:04:34', '2022-03-30 13:04:34'),
('c1a3f78567e7657836124a3444f5de4e06920b06f38d2d84724b9b36251b3ee242a81bc38bb7df97', 40, 1, 'authToken', '[]', 0, '2021-03-06 09:54:35', '2021-03-06 09:54:35', '2022-03-06 09:54:35'),
('c227fb48779fd2c801416d7b7937cb008a5a93323d15150368d613204541f5ddd10779f8e9477164', 40, 1, 'authToken', '[]', 0, '2021-02-25 11:09:36', '2021-02-25 11:09:36', '2022-02-25 11:09:36'),
('c28fc18e1b68de0deb503d6f2f94af97e60e2deb57e0b6f08bda99a9c23a5eb4ece103779caa4acc', 40, 1, 'authToken', '[]', 0, '2021-04-03 13:35:05', '2021-04-03 13:35:05', '2022-04-03 13:35:05'),
('c2b0ef84f929d72c54830e733d421a875cbd4dcb5340bd3c321f00beb27802b7f622873ebb16e4c6', 84, 1, 'authToken', '[]', 0, '2021-04-14 05:47:42', '2021-04-14 05:47:42', '2022-04-14 05:47:42'),
('c2d98fb74a948e7f18cd6d126037748dd624482e4789db1ab7fb553aa2ca07ac4c84bb5a7e141ae7', 40, 1, 'authToken', '[]', 0, '2021-03-03 13:14:08', '2021-03-03 13:14:08', '2022-03-03 13:14:08'),
('c2decdfe33651bb9d84ec53ef5794b38e07e15ac11fdb4c782fae3e5a67d3fe61629434ee096fc78', 55, 1, 'authToken', '[]', 0, '2021-04-05 05:19:06', '2021-04-05 05:19:06', '2022-04-05 05:19:06'),
('c2f33cadcee52aa0edbf03fd93ce2f36a188b3c4e12d6dbd1df3f18724d9c47795d009001365fc63', 84, 1, 'authToken', '[]', 0, '2021-04-29 05:58:19', '2021-04-29 05:58:19', '2022-04-29 05:58:19'),
('c2f936e7e3b242cb8644c097fdad21b49d40a5720df43c2931572f316c716951b211e2e2fc8b5d10', 40, 1, 'authToken', '[]', 0, '2021-03-23 09:50:05', '2021-03-23 09:50:05', '2022-03-23 09:50:05'),
('c32981e09e5c147cf983994f9e527f10b85de6811fa0236b0b70d5104b684e2018d5eaef6bddadd3', 40, 1, 'authToken', '[]', 0, '2021-02-25 11:10:38', '2021-02-25 11:10:38', '2022-02-25 11:10:38'),
('c3b969ad7b5a5fcb610616fe6c5ee46abbc47deb15ac65cfb8101b852aeb64cf888ae70ad637831f', 54, 1, 'authToken', '[]', 0, '2021-03-17 13:07:15', '2021-03-17 13:07:15', '2022-03-17 13:07:15'),
('c3cf529cab1dd1cda14b0776b20cbe26735210099ef553a956f50f179dbd3265e8832138b99c2b28', 40, 1, 'authToken', '[]', 0, '2021-03-10 06:45:40', '2021-03-10 06:45:40', '2022-03-10 06:45:40'),
('c41023fed355a1dd30d83b54f11196dadf9d9603195d86c99eea0175dcda259555e1bbc08f0711b6', 135, 1, 'authToken', '[]', 0, '2021-05-01 06:38:57', '2021-05-01 06:38:57', '2022-05-01 06:38:57'),
('c464fdffae8c37bbaac7a2f294418c8b89ae11a39eb5f0f2568b48076b3f9213418cc3fc4a804abb', 40, 1, 'authToken', '[]', 0, '2021-02-25 13:38:12', '2021-02-25 13:38:12', '2022-02-25 13:38:12'),
('c46b34e231cbef4462f05cb6d4b5e7ed1a3156169f71fbd0d93de536e8f9f0113b8dc28506e027d7', 40, 1, 'authToken', '[]', 0, '2021-02-25 08:17:36', '2021-02-25 08:17:36', '2022-02-25 08:17:36'),
('c568f01289dc117615e179467618aefb81f8ae9dab55d757be2bb7ce206c4ef44871cf7342ac296e', 40, 1, 'authToken', '[]', 0, '2021-03-23 07:44:04', '2021-03-23 07:44:04', '2022-03-23 07:44:04'),
('c5877135fdbea74885e05e428238cc4c7dba7ab6b09beaa92b11c9f94315b41ae2116947cfb55b6d', 40, 1, 'authToken', '[]', 0, '2021-02-23 09:08:51', '2021-02-23 09:08:51', '2022-02-23 09:08:51'),
('c5c6357f134f4c67b24174eeb807a26ca7a0ed9a88e7fd11ae55c66ce01897aaa55d8cfa6c3b05a0', 40, 1, 'authToken', '[]', 0, '2021-03-08 10:04:44', '2021-03-08 10:04:44', '2022-03-08 10:04:44'),
('c61fed4bad2ef9d941a4f6dae141b475a12180aa883248afd3b0980356ec62618041128aedf417f1', 40, 1, 'authToken', '[]', 0, '2021-02-25 11:22:09', '2021-02-25 11:22:09', '2022-02-25 11:22:09'),
('c6438665ada4c0017e30adc9b61e21222a2e8080435c5ec99803a533b25364114165f3e2ee3d98d4', 40, 1, 'authToken', '[]', 0, '2021-02-25 07:52:15', '2021-02-25 07:52:15', '2022-02-25 07:52:15'),
('c67bbffe87e70f290e98c49781ed0d0609ef3f98bf1f5297526d6a49b67aab53cf9a5b10f7245d7d', 40, 1, 'authToken', '[]', 0, '2021-03-22 07:39:36', '2021-03-22 07:39:36', '2022-03-22 07:39:36'),
('c69b030fe54af612b173b3376d6dead0e568bd9278c6b79f35fcedae0e08be7651a46d16b8864411', 46, 1, 'authToken', '[]', 0, '2021-02-23 09:28:59', '2021-02-23 09:28:59', '2022-02-23 09:28:59'),
('c6d4dc4b038ca91267ac3bad97198b7ae795b25949089092613c5dad346e5a98e0af491d21b09248', 40, 1, 'authToken', '[]', 0, '2021-03-09 12:55:39', '2021-03-09 12:55:39', '2022-03-09 12:55:39'),
('c6ea5baa2e7ac21d0e3fe65609d66bec349da9e183e391765d069b5a6f5d6f7869fd62e80167cdb5', 40, 1, 'authToken', '[]', 0, '2021-02-24 09:31:14', '2021-02-24 09:31:14', '2022-02-24 09:31:14'),
('c6ffa60176691c203d9a73b10fd58246e4b73063bb94d68385fb015fc839682597b31e1241ba635c', 40, 1, 'authToken', '[]', 0, '2021-02-25 11:23:28', '2021-02-25 11:23:28', '2022-02-25 11:23:28'),
('c70eafb1ca0bff69c2aaba84441b4dc81c5095217c594bb13e994debda255120a0b4ae31c0371b3a', 40, 1, 'authToken', '[]', 0, '2021-03-03 13:24:39', '2021-03-03 13:24:39', '2022-03-03 13:24:39'),
('c718284a511c709fde937b7beb6042234d12d1e7caad2231dfbc14e6450059a4533d9d6cf346614a', 40, 1, 'authToken', '[]', 0, '2021-03-17 11:24:01', '2021-03-17 11:24:01', '2022-03-17 11:24:01'),
('c7364f88a24bc6fef2ee066719c0dc9f26923ddff5b036f0ef7c227be4b4a7a2bbc5249489b12883', 40, 1, 'authToken', '[]', 0, '2021-02-25 10:14:46', '2021-02-25 10:14:46', '2022-02-25 10:14:46'),
('c7e3ffe781a3616702f75c486e7468c5d52f9001a92ad8833c2f874da9d9508a565d4751ebb3ee57', 40, 1, 'authToken', '[]', 0, '2021-04-03 13:24:35', '2021-04-03 13:24:35', '2022-04-03 13:24:35'),
('c7e5c2a29d479ff045b4e06d80108fb93e18298b7917bd9cb6bfb126d327af9007ee3360e77688f8', 40, 1, 'authToken', '[]', 0, '2021-03-23 11:09:01', '2021-03-23 11:09:01', '2022-03-23 11:09:01'),
('c80208dafcc1e45668e742f9b06817d9c7ecd1fa6b0b989c5c61a69fc79cbe5a7f418a9e29e14ebb', 51, 1, 'authToken', '[]', 0, '2021-03-23 09:36:00', '2021-03-23 09:36:00', '2022-03-23 09:36:00'),
('c8881d5ed883c8e3903fe394992c56e023dbe1dba1bb673044961cf5c3aaf2f938e1248bd8d70f05', 55, 1, 'authToken', '[]', 0, '2021-03-27 13:48:09', '2021-03-27 13:48:09', '2022-03-27 13:48:09'),
('c88f990d782ad7941628eb9c4097091edc13f8aee9e04138a9195e9e63ea5e19f52d21184a44c042', 40, 1, 'authToken', '[]', 0, '2021-03-30 12:59:22', '2021-03-30 12:59:22', '2022-03-30 12:59:22'),
('c8c496e1d1b11d35c5055d031da2845ea944a9ea48342ae81aa899d06a41dd90696d1a5c009159f6', 40, 1, 'authToken', '[]', 0, '2021-02-25 09:14:12', '2021-02-25 09:14:12', '2022-02-25 09:14:12'),
('c8d32a75995417a0d2811bfe096fef75cec716bfaae2b6df46c4a513f5187d33c11adee2f54ca5d4', 40, 1, 'authToken', '[]', 0, '2021-02-24 07:41:16', '2021-02-24 07:41:16', '2022-02-24 07:41:16'),
('c8db925b609b120d3b59759566d6d5c3c586fc027b64fdde75615e63f5d56f4109f9c3cb7c808e61', 40, 1, 'authToken', '[]', 0, '2021-03-22 13:25:57', '2021-03-22 13:25:57', '2022-03-22 13:25:57'),
('c8f0483ececda7d5e44a70f906023d351db68b6d2aeb8ada3e7d9dafec0cc6c6861201b406038a29', 50, 1, 'authToken', '[]', 0, '2021-04-05 05:35:32', '2021-04-05 05:35:32', '2022-04-05 05:35:32'),
('c90ececc28adc6728552c831b685a8091effc74c4d2c8b6733ff943c87683b6fb389a9abd93fc0e7', 50, 1, 'authToken', '[]', 0, '2021-03-23 06:30:40', '2021-03-23 06:30:40', '2022-03-23 06:30:40'),
('c9292ecc8fde99e9b43d903a168c94c2458715c44bd9a9f1809a801afe885b63d6a214f0658d96f1', 40, 1, 'authToken', '[]', 0, '2021-03-30 06:50:33', '2021-03-30 06:50:33', '2022-03-30 06:50:33'),
('c949697913e6a8c793104e0f849a0f6dbd0bbd081b9b7ed559b592e7eb2d6a903952e67317e83a8c', 86, 1, 'authToken', '[]', 0, '2021-04-29 12:54:33', '2021-04-29 12:54:33', '2022-04-29 12:54:33'),
('c9a3b25f7dac78d63405af1ddb64cbfd4d0fef5d81d1071d660bdb7dcd4ba2bb4934ae3fcf5d92e1', 40, 1, 'authToken', '[]', 0, '2021-04-05 05:19:06', '2021-04-05 05:19:06', '2022-04-05 05:19:06'),
('c9a3be61bcfa795d052d32a8f71cb529277ae088be2901bc982ecd33346efd46d602b3debb1718cd', 87, 1, 'authToken', '[]', 0, '2021-04-14 05:35:40', '2021-04-14 05:35:40', '2022-04-14 05:35:40'),
('ca647a756cfbf06c79511d4674a17d10d7cd69691dd3205bc82ef3f450133ff4e8a0f45df10b38ad', 40, 1, 'authToken', '[]', 0, '2021-03-08 07:44:01', '2021-03-08 07:44:01', '2022-03-08 07:44:01'),
('ca866261c2843a817307627a3660e00986e06467584940dc322eff86021a03e598fd64223788dd9b', 40, 1, 'authToken', '[]', 0, '2021-02-26 07:21:53', '2021-02-26 07:21:53', '2022-02-26 07:21:53'),
('ca9de1be5e381ef1ac9efec84db59cd6dde939c4a2ce5599ef958949afe7977f8cb2985938abd846', 10, 1, 'MyApp', '[]', 0, '2021-02-16 14:28:56', '2021-02-16 14:28:56', '2022-02-16 19:58:56'),
('ca9f2118f800af788914c112ce56cd47149b32428ca8139161aab30debe1b3ca9fa99012980627d5', 40, 1, 'authToken', '[]', 0, '2021-03-22 10:00:46', '2021-03-22 10:00:46', '2022-03-22 10:00:46'),
('cb4451c634458aca929fd4f2b3ea3384ba6bbecf559dacbdf41805e02e445d7481bed1f4c5f3d068', 40, 1, 'authToken', '[]', 0, '2021-02-19 10:20:50', '2021-02-19 10:20:50', '2022-02-19 10:20:50'),
('cb95f29a3fa64909e1ed57dab1b84e3ce93ccf968a5913e9dbd6314d9b7d9d27f75a8ffe1131abd2', 40, 1, 'authToken', '[]', 0, '2021-03-11 07:49:51', '2021-03-11 07:49:51', '2022-03-11 07:49:51'),
('cbc9630a193fe28d9c038d44f0d924da6bc9801357792fba94f927ba39ee9f5eac7fa38263919498', 40, 1, 'authToken', '[]', 0, '2021-02-23 11:22:13', '2021-02-23 11:22:13', '2022-02-23 11:22:13'),
('cc1f826835ec3da1e2fac4bfcafce839561156aa556b5eaa6ff3109aa27bf2525ae4f18d9fa0ca4b', 40, 1, 'authToken', '[]', 0, '2021-02-23 13:01:21', '2021-02-23 13:01:21', '2022-02-23 13:01:21'),
('cc3293fb5c2c5e39a15fbb7d094c6dc9ea5f9352f0033e235a06fdb9b52aa3ba08f53dabb9255d31', 40, 1, 'authToken', '[]', 0, '2021-03-17 07:43:58', '2021-03-17 07:43:58', '2022-03-17 07:43:58'),
('cc55081103cd04ae72d64c89619d7042fc4415d51ec7409d0fcd5f89345fec97ad27c81f9204578a', 40, 1, 'authToken', '[]', 0, '2021-03-22 13:18:05', '2021-03-22 13:18:05', '2022-03-22 13:18:05'),
('cc9336ba0332255dea8ff6d139700bc6b70e1b5f40e57e18064548fde558f3dd026029e287bd3217', 87, 1, 'authToken', '[]', 0, '2021-04-12 06:16:53', '2021-04-12 06:16:53', '2022-04-12 06:16:53'),
('ccb5c528be23ce0c8b77b460853bf7f9af63aa79be8c838f958d211d742b8a65feb882a0ffa3b4d5', 50, 1, 'authToken', '[]', 0, '2021-04-05 04:51:19', '2021-04-05 04:51:19', '2022-04-05 04:51:19'),
('cd0f18b31ffcdb34674b7f755da2719dc5d5e62855262caf4e9d215f59022539b66cb45fb0c110fc', 10, 1, 'authToken', '[]', 0, '2021-03-23 06:30:35', '2021-03-23 06:30:35', '2022-03-23 06:30:35'),
('cd14e83bf7255906a32a6651895385b0da3709bbfcf386bbcf238931f26bcb07c8db405f769e3978', 40, 1, 'authToken', '[]', 0, '2021-03-17 09:26:34', '2021-03-17 09:26:34', '2022-03-17 09:26:34'),
('cd2a119c839c9cb204a0756ed702151ce8671caf25cc51bdf5c61e744debb9a10e9769279f44dd3e', 87, 1, 'authToken', '[]', 0, '2021-04-10 10:18:20', '2021-04-10 10:18:20', '2022-04-10 10:18:20'),
('cda5d5d922e6facd8f64ea9c16a6ae9a5a32e1965c185f662d1358575e75bcbbde1cf360cb3e2f06', 40, 1, 'authToken', '[]', 0, '2021-02-23 11:14:32', '2021-02-23 11:14:32', '2022-02-23 11:14:32'),
('cdb72484ed96358f6c20f1902bc3f672f6498060d384a51be439117a4650ac2af530e75e312b4f97', 40, 1, 'authToken', '[]', 0, '2021-03-18 06:00:06', '2021-03-18 06:00:06', '2022-03-18 06:00:06'),
('cdd5f43262e9916186e02b2ee636f462bacf8dc1d39932c55743758470d55c2de8e226bf32ec6388', 40, 1, 'authToken', '[]', 0, '2021-02-25 11:14:59', '2021-02-25 11:14:59', '2022-02-25 11:14:59'),
('cdfa340f2453172ba41be5b2ef5ae72c7aefe0bf6895296b6f247b0e817ccf3451b54a3851850419', 86, 1, 'authToken', '[]', 0, '2021-04-17 08:48:34', '2021-04-17 08:48:34', '2022-04-17 08:48:34'),
('ce128027dc91d7e50b8b147e2ecfbecfefba71f3a5fa0ac3a777a164dc920f7012326bb0e74ac3da', 40, 1, 'authToken', '[]', 0, '2021-03-20 07:36:53', '2021-03-20 07:36:53', '2022-03-20 07:36:53'),
('ce1a29a354e9589d8f45057cc88427c5731169e7dffd7b3898913961d3a308b8fc617f95092cad75', 86, 1, 'authToken', '[]', 0, '2021-04-29 11:23:53', '2021-04-29 11:23:53', '2022-04-29 11:23:53'),
('ce83f5ad5322700adff1341fe5cc341710dd97c467c56b389d88d18885b3366d5ca8cf3383412879', 40, 1, 'authToken', '[]', 0, '2021-02-27 07:07:25', '2021-02-27 07:07:25', '2022-02-27 07:07:25'),
('ce9bd3ee23ac8fd1922c6e161f777574fc8e0b9c0f24ecdf57c4e0eb6abf4b72d24e4a8848c9d710', 40, 1, 'authToken', '[]', 0, '2021-03-11 10:28:01', '2021-03-11 10:28:01', '2022-03-11 10:28:01'),
('ceac33df0a0a4ca8cd4fb24fe03c010f6cc3c37c56598269e67b1bc1c3c446d3ec23e5f69188ae81', 84, 1, 'authToken', '[]', 0, '2021-04-09 06:22:35', '2021-04-09 06:22:35', '2022-04-09 06:22:35'),
('ceb749aff68d418528d8e9176bc73066b91e37142d980fe482c1b544c7f159bde40ffa01bc7e7c47', 40, 1, 'authToken', '[]', 0, '2021-03-08 09:15:10', '2021-03-08 09:15:10', '2022-03-08 09:15:10'),
('cf5dfbb5f132f1f8e0d85c72358bf27fb2b78a27e4953dfafae33ac55f3b5da64646906e33f1868a', 40, 1, 'authToken', '[]', 0, '2021-03-17 09:04:48', '2021-03-17 09:04:48', '2022-03-17 09:04:48'),
('d05a6b59ad63ef4fa925ec67a0174d3acd935f4f1f139c082a25f9e24069b857a2a0c6c1770324fb', 51, 1, 'authToken', '[]', 0, '2021-04-05 04:37:25', '2021-04-05 04:37:25', '2022-04-05 04:37:25'),
('d068be2f75eabe04060f0f3065464bccaab0618c68711ca00987135dc5a51323fa1f302380452066', 40, 1, 'authToken', '[]', 0, '2021-03-02 07:15:33', '2021-03-02 07:15:33', '2022-03-02 07:15:33'),
('d103e1afa52f2f70d56b39f9af93a949618e4d2a8b19605437f730946deb2791d32976dc272af02a', 40, 1, 'authToken', '[]', 0, '2021-02-26 10:30:02', '2021-02-26 10:30:02', '2022-02-26 10:30:02'),
('d120f3dc23da3a84163fcd83053d100624324b797c7e14643b90a3eb1a483507652fa2829b9bec3b', 50, 1, 'authToken', '[]', 0, '2021-04-05 04:45:25', '2021-04-05 04:45:25', '2022-04-05 04:45:25'),
('d134d68685d7b9e2d232b7b7bd1b46d74e978ef545de249202ec8cbe46103ab3e30db15f469d58de', 40, 1, 'authToken', '[]', 0, '2021-02-23 11:53:17', '2021-02-23 11:53:17', '2022-02-23 11:53:17'),
('d1ce7c75f4147de079970cd1ca201989a5e4f89fd85272e13bccedc2fa9bd9b8016c522c2a2b7afe', 40, 1, 'authToken', '[]', 0, '2021-02-23 13:18:02', '2021-02-23 13:18:02', '2022-02-23 13:18:02'),
('d1e8ee1ae5577b0533884b92be7ac26f0d73d12b3d58155b41147f23a0fada71a4dc53c63385b13f', 40, 1, 'authToken', '[]', 0, '2021-03-01 09:13:59', '2021-03-01 09:13:59', '2022-03-01 09:13:59'),
('d1ea36b9e932481bb3410c41e8904501885de3567c8cf00f8eabe8e4e25ef1e9587e907379a5e9a5', 40, 1, 'authToken', '[]', 0, '2021-02-26 09:34:57', '2021-02-26 09:34:57', '2022-02-26 09:34:57'),
('d1ff01b2121aef4f61d62305a5ebe65810fc8045281e5b2529a72d60563e2c294591df5adcd8eaba', 117, 1, 'authToken', '[]', 0, '2021-04-15 13:30:55', '2021-04-15 13:30:55', '2022-04-15 13:30:55'),
('d235d8e4672ea4ff889167db85545c9f67f340bd91cd409bae4ef24dbd3934f55b6a550b718ccf86', 40, 1, 'authToken', '[]', 0, '2021-03-27 09:44:49', '2021-03-27 09:44:49', '2022-03-27 09:44:49'),
('d23f80f4cefb05f4880f08d6edafff7877c51cf19aa0ef7a77e7f434254931e70d5a91995db963b1', 86, 1, 'authToken', '[]', 0, '2021-04-09 06:28:47', '2021-04-09 06:28:47', '2022-04-09 06:28:47'),
('d2466b091fd5970de603e5857cb5bee1db081a96f1de7372c80fcf9beab57441f49328fd8be7a71d', 40, 1, 'authToken', '[]', 0, '2021-03-17 09:56:00', '2021-03-17 09:56:00', '2022-03-17 09:56:00'),
('d25003e68552a71ede56fe36a03ebd979c2a7bf48e4b023a46ea55b41b9327d16dabd41939e26cfe', 10, 1, 'authToken', '[]', 0, '2021-03-23 10:23:10', '2021-03-23 10:23:10', '2022-03-23 10:23:10'),
('d342a4157a48bf2b79427b07755ae5c288d8879d0ae3935c7035647d51a5de07f63623d30e65ce87', 55, 1, 'authToken', '[]', 0, '2021-04-05 05:19:06', '2021-04-05 05:19:06', '2022-04-05 05:19:06'),
('d38857c2e1f40fbc03eadd6d901aeb3465a22c504746cadc33855e118658c9ae834e77c082155892', 40, 1, 'authToken', '[]', 0, '2021-03-02 07:22:21', '2021-03-02 07:22:21', '2022-03-02 07:22:21'),
('d3b9caa1c3d8d49c71f637accc6cc0a0995f7f876fa5751f462da30f9548d9b932d9fa40d9c0a0c3', 40, 1, 'authToken', '[]', 0, '2021-03-03 10:34:08', '2021-03-03 10:34:08', '2022-03-03 10:34:08'),
('d41b81508e22882fa11a9e1b46ef6a5a1b6f7f95757083f09733f0ade7321021124baf7f820208e3', 86, 1, 'authToken', '[]', 0, '2021-04-29 09:31:36', '2021-04-29 09:31:36', '2022-04-29 09:31:36'),
('d43f427c976a5b85d1b256474de652ef35cdb08e843516d1f6ece6e8ca304344d6269eddcb050b31', 40, 1, 'authToken', '[]', 0, '2021-03-23 10:58:50', '2021-03-23 10:58:50', '2022-03-23 10:58:50'),
('d484f1ee362223d5f874f26a2e3ba9b2f5b20ceec91e7cd5d98bf3004c6418b42e035e3c3b02e889', 40, 1, 'authToken', '[]', 0, '2021-03-08 06:22:40', '2021-03-08 06:22:40', '2022-03-08 06:22:40'),
('d5243b3b444030ba1516843b75caa68cf24149f28afffe7c2a366561aafd389ee43f8ced727a785c', 40, 1, 'authToken', '[]', 0, '2021-03-23 09:46:26', '2021-03-23 09:46:26', '2022-03-23 09:46:26'),
('d590f91ed3aeae593659e18e82e67b1ae718f9a8e71947f706691dbfb7dc447c455158c0cf0e8dce', 40, 1, 'authToken', '[]', 0, '2021-02-26 08:59:56', '2021-02-26 08:59:56', '2022-02-26 08:59:56'),
('d5a062d9d1df2d1991efce48b21fd797c0514231e6143597439ca94bcaba98d4562403863bdfa88d', 40, 1, 'authToken', '[]', 0, '2021-03-01 11:47:10', '2021-03-01 11:47:10', '2022-03-01 11:47:10'),
('d5a94b941f8a9fa649b7da3bdfc765587d7b5a2f80a17807fe2f8b9aa823343c9352a42dfda5d36e', 40, 1, 'authToken', '[]', 0, '2021-03-04 06:33:24', '2021-03-04 06:33:24', '2022-03-04 06:33:24'),
('d63ff3f17bf6985329a928d385db0b8ff4b6d31a6dbe51810a17ecf264b594721ead5a14bffe2786', 86, 1, 'authToken', '[]', 0, '2021-04-29 10:12:44', '2021-04-29 10:12:44', '2022-04-29 10:12:44'),
('d6797c19d733e7b9cefab2a697ff27405df131d9d87fe4dcebcad169449eabb1a98634317710c611', 40, 1, 'authToken', '[]', 0, '2021-03-27 08:25:31', '2021-03-27 08:25:31', '2022-03-27 08:25:31'),
('d69616cca523cd2cdcce2b64f12792d2bde1387a9f8b8d59253af1f842297c253d4d9b108a945691', 40, 1, 'authToken', '[]', 0, '2021-03-23 06:57:10', '2021-03-23 06:57:10', '2022-03-23 06:57:10'),
('d6a03b119f584208cb0bc47ea2324d79586de02cdfedd50dd2e609be1f2bb32c5a5a5b29d148fddd', 40, 1, 'authToken', '[]', 0, '2021-03-17 06:07:18', '2021-03-17 06:07:18', '2022-03-17 06:07:18'),
('d6e9ae85d98bdc04382a8c169bc0835f091ca4c5c8a7e016765212bba3ab98a986637810aacc3ba2', 41, 1, 'authToken', '[]', 0, '2021-02-19 10:22:15', '2021-02-19 10:22:15', '2022-02-19 10:22:15'),
('d6f0d0931341541932294c23db3ebefce83f604e4f80a300e4ed0630ae7e9686f90f5aaed8ab7939', 51, 1, 'authToken', '[]', 0, '2021-03-17 07:29:43', '2021-03-17 07:29:43', '2022-03-17 07:29:43'),
('d71b2b2a285a3dc3475a39e044fa6c6cd4d971a139e69ec2ff27aa340c67bbd22bf6fde1249bad44', 40, 1, 'authToken', '[]', 0, '2021-02-23 11:16:02', '2021-02-23 11:16:02', '2022-02-23 11:16:02'),
('d7274695711aa650b36bad22b90d4d65635c57141171c0cb8d54a27b043ea65d9f4e77152725a836', 40, 1, 'authToken', '[]', 0, '2021-03-30 06:49:01', '2021-03-30 06:49:01', '2022-03-30 06:49:01'),
('d76c78e8b419730f08d0d433810aadcc2d5533e91a3f679db297740efb76fb219399ddcb53a176ed', 40, 1, 'authToken', '[]', 0, '2021-03-02 07:39:03', '2021-03-02 07:39:03', '2022-03-02 07:39:03'),
('d7c3f4666c6e9d82b2baba11026f9637f8f989d479aa78ac646d272f2d209f920e7daeb8971d2e5d', 46, 1, 'authToken', '[]', 0, '2021-02-23 10:43:48', '2021-02-23 10:43:48', '2022-02-23 10:43:48'),
('d7d0613f08be522f50b483bcda7c44a9b819d20a4df70c8ba1a71ef82f8a33a0851a52654d4f4f74', 40, 1, 'authToken', '[]', 0, '2021-03-04 06:15:59', '2021-03-04 06:15:59', '2022-03-04 06:15:59'),
('d86f28073fb0bb2cec920de5ff4cbd53ea77dd0640a0013767fa440935ac62b1477dd1a4bc2a0cfc', 40, 1, 'authToken', '[]', 0, '2021-03-27 12:05:24', '2021-03-27 12:05:24', '2022-03-27 12:05:24'),
('d873310f4e674125d8e55c96c94bd22aff139091c02a6f7877d15e26de23b8e775faf9b34df4ef91', 40, 1, 'authToken', '[]', 0, '2021-03-22 12:04:31', '2021-03-22 12:04:31', '2022-03-22 12:04:31'),
('d8b7dce2ee2bfc182673a48f4ed8be9c0f85781a997e7a32e0429e8c2a232f9f1ea03d95fc642411', 52, 1, 'authToken', '[]', 0, '2021-03-10 07:23:17', '2021-03-10 07:23:17', '2022-03-10 07:23:17'),
('d8de8259288c405fa7ce3eb315687d9870971fcc2d9a9431afc592ed28407c0de3e2c01133546212', 40, 1, 'authToken', '[]', 0, '2021-03-01 07:33:41', '2021-03-01 07:33:41', '2022-03-01 07:33:41'),
('d97bd7a9153cb7fb720b2921bff513b7aa01343ac41b036ca73ed1850fdf4b758d894c11d16ba86d', 40, 1, 'authToken', '[]', 0, '2021-03-17 06:12:50', '2021-03-17 06:12:50', '2022-03-17 06:12:50'),
('d9e1d5760f144589d17a2d50c05479c5d9c5c9774589e51a3f2d93cd14470ca810a49db0aa377095', 40, 1, 'authToken', '[]', 0, '2021-03-31 05:41:49', '2021-03-31 05:41:49', '2022-03-31 05:41:49'),
('da7e082d301578465ffdb41567d4a432ff1096677adcfa3d1c5ef84a642f2417cdae5da49d77ae63', 40, 1, 'authToken', '[]', 0, '2021-03-11 11:12:16', '2021-03-11 11:12:16', '2022-03-11 11:12:16'),
('da81ea6e5d9a47270887dfdc273b2b3912b35112ca5a45a5dc2039ed6337badedc7a56f1859634bd', 40, 1, 'authToken', '[]', 0, '2021-03-17 06:51:14', '2021-03-17 06:51:14', '2022-03-17 06:51:14'),
('da8bd4e06775e8e9445f936740faae48ee02ac60880549cee52471054fb8ff0c004d97085daaaedd', 40, 1, 'authToken', '[]', 0, '2021-03-25 10:05:41', '2021-03-25 10:05:41', '2022-03-25 10:05:41'),
('daa85cc858f2dbbf503a09cb5233d1ab0c2c2430f510af9f285021aae04e86021de95da7e9943327', 40, 1, 'authToken', '[]', 0, '2021-02-23 12:06:28', '2021-02-23 12:06:28', '2022-02-23 12:06:28'),
('daac027270ecfe060852266afa25c9a3a982cd0c4675f7c4e97aa22b453cd6485b6a2c82f4d5a26d', 40, 1, 'authToken', '[]', 0, '2021-03-01 07:18:35', '2021-03-01 07:18:35', '2022-03-01 07:18:35'),
('dad81ef2a4e816785fad96420b5ff6f6163cfb44dfcb1f0fd3e7935d4a5f60fe6c21a45290f73b59', 50, 1, 'authToken', '[]', 0, '2021-04-05 05:34:03', '2021-04-05 05:34:03', '2022-04-05 05:34:03'),
('dae54919c00db5ae60874559e8174648e1cdc53f5477282da201809bdbfbf91dd3d8719427cb7b46', 40, 1, 'authToken', '[]', 0, '2021-03-19 12:06:55', '2021-03-19 12:06:55', '2022-03-19 12:06:55'),
('dafe82a2acb86d8c90ad53dd074f50f43df5929ce2fba4d73c2db78fc5fa6d02776bae14f33182cd', 10, 1, 'authToken', '[]', 0, '2021-03-23 10:24:50', '2021-03-23 10:24:50', '2022-03-23 10:24:50'),
('db1102d19947ccd9fe1cd1e18f5861ab7ff6582140fd31ff547d31d1ffe42f29b00d4f2884b1b31f', 84, 1, 'authToken', '[]', 0, '2021-04-28 06:24:50', '2021-04-28 06:24:50', '2022-04-28 06:24:50'),
('db19fbdca1bd38a502f2d465cfda0482549be0f63b71c45f60698e45431cf8e0896264413296c0f5', 126, 1, 'authToken', '[]', 0, '2021-04-15 17:11:33', '2021-04-15 17:11:33', '2022-04-15 17:11:33'),
('db20421c6b78a10caea9d8b2ebe5a3bf971b8fa39863306139b836015faaa6bb3da316922ea0ac64', 10, 1, 'authToken', '[]', 0, '2021-02-18 02:13:06', '2021-02-18 02:13:06', '2022-02-18 07:43:06'),
('dbe7f54a350ba2f3a46e8505453e24d770219aa2195d3f764c1c9549aabc8d1f58a83a6a36e8f522', 40, 1, 'authToken', '[]', 0, '2021-03-11 10:23:46', '2021-03-11 10:23:46', '2022-03-11 10:23:46'),
('dbfea1276c6c1ff158e2ceeb024e8b9d64e2a4f8190beadb302a5ca2319ad4c7a899e75245b3c92e', 86, 1, 'authToken', '[]', 0, '2021-04-17 08:31:34', '2021-04-17 08:31:34', '2022-04-17 08:31:34'),
('dc6f3f9c34d6884103f2859dc829c57cd475dcbe101229aad5abe301528fa5ae645569ec406028b8', 40, 1, 'authToken', '[]', 0, '2021-03-22 13:10:10', '2021-03-22 13:10:10', '2022-03-22 13:10:10'),
('dcf0f25fad40a573b07f68223454f2765148e6c69a1d8e62b51c2f4a09ec89935737bb1b0f8de319', 40, 1, 'authToken', '[]', 0, '2021-04-05 05:18:51', '2021-04-05 05:18:51', '2022-04-05 05:18:51'),
('dd1351569ac97f143111d2fa3f35f5a98424f9a7748a90cb461d461dd405fc8e06fc33c220f3179b', 40, 1, 'authToken', '[]', 0, '2021-02-19 10:08:16', '2021-02-19 10:08:16', '2022-02-19 10:08:16'),
('dd2d2c8d029ab9116e836c46204798f0f710664fb2e5de25fa03829d12595a8053e9030fbd7877ad', 46, 1, 'authToken', '[]', 0, '2021-02-19 11:45:32', '2021-02-19 11:45:32', '2022-02-19 11:45:32'),
('ddcba74c813dca4a3ab5e025c38b565f24fa9aa49bd81219b6477f7da9191b1b62b20027aab22852', 46, 1, 'authToken', '[]', 0, '2021-02-22 12:49:31', '2021-02-22 12:49:31', '2022-02-22 12:49:31'),
('de086e90a07cc263f0b748d05927b4fdc2d6b0f96497eb96ef2528ffd59f95bebbad6b052e66ebd6', 10, 1, 'authToken', '[]', 0, '2021-03-23 06:31:49', '2021-03-23 06:31:49', '2022-03-23 06:31:49'),
('de269d63d648ec116194fe6f3ce35dce7c585d73b359aa994ce3a49e57b117f04cb5adf81186e2f9', 40, 1, 'authToken', '[]', 0, '2021-03-03 10:46:16', '2021-03-03 10:46:16', '2022-03-03 10:46:16'),
('de628fd345c7a0ea1d543bfa2957399106a4b11192e5ae014def2305aa42d0dffe0cb888dbb3b8db', 40, 1, 'authToken', '[]', 0, '2021-02-25 07:49:25', '2021-02-25 07:49:25', '2022-02-25 07:49:25'),
('deed2596ac064875122cf7d07fa78df539dff892896783512015e7954c9a4bc35c19311135bbce4c', 132, 1, 'authToken', '[]', 0, '2021-04-28 08:00:22', '2021-04-28 08:00:22', '2022-04-28 08:00:22'),
('df0be439c6abf1e9258593e84e8cd1261cbfd6feae87d2024f06ee0a1c51d0e6c33c9847242e6a90', 50, 1, 'authToken', '[]', 0, '2021-03-22 08:19:36', '2021-03-22 08:19:36', '2022-03-22 08:19:36'),
('dfe0953d3cee5b21315bfc850545599f8d9b6d39f00c0b3ee98845d1456c89c9fcdd5f475bf34068', 40, 1, 'authToken', '[]', 0, '2021-03-30 06:45:06', '2021-03-30 06:45:06', '2022-03-30 06:45:06'),
('e06709632facd759b4433480be72c84b6ec5c4fb7be06b6cf2e6b99a3aaf4a04f12b66e8a37ff87f', 10, 1, 'authToken', '[]', 0, '2021-02-16 06:11:57', '2021-02-16 06:11:57', '2022-02-16 11:41:57'),
('e089de35437628b0b4f1f23a4108ba934cca7f5f89c75e464a20597f55558ec72881d0b971010357', 46, 1, 'authToken', '[]', 0, '2021-02-23 09:19:11', '2021-02-23 09:19:11', '2022-02-23 09:19:11'),
('e12173ec6abbb74cdbf67af54ba4850aa2f6c8139bb17292e73cbf1a2f41db58f88ea19ff8447570', 40, 1, 'authToken', '[]', 0, '2021-03-03 10:16:52', '2021-03-03 10:16:52', '2022-03-03 10:16:52'),
('e12d9f5d94b8df12c84184d36aabe6ab72ab9ddeb43a798e592cd4b2750ef14a9c985907f02cf063', 56, 1, 'authToken', '[]', 0, '2021-03-23 11:14:56', '2021-03-23 11:14:56', '2022-03-23 11:14:56'),
('e189b64ccb765e1979f81bc6ffb767011d1531b10a6afa79005ae3a62e4c91d27ca7f325008074c6', 62, 1, 'authToken', '[]', 0, '2021-04-05 11:24:19', '2021-04-05 11:24:19', '2022-04-05 11:24:19'),
('e1d0b83e28488c118ed10ea5fb911b7992413d7c9f47708591deee1bb6532fec5ba3eff2757084c4', 40, 1, 'authToken', '[]', 0, '2021-03-02 07:26:22', '2021-03-02 07:26:22', '2022-03-02 07:26:22'),
('e21173e162d9135d559de36630d2bcdc82c326591bf792927a3aa4893f3b8ea720669dfaab1366b2', 124, 1, 'authToken', '[]', 0, '2021-04-15 13:51:17', '2021-04-15 13:51:17', '2022-04-15 13:51:17'),
('e21361d3b9ee1426d06671da31d6ecd3b5aa3117557f2fd6a34eebb0e9e1b96d94212cd8fa048901', 40, 1, 'authToken', '[]', 0, '2021-03-17 10:34:42', '2021-03-17 10:34:42', '2022-03-17 10:34:42'),
('e23af0aa1e599f94cb8ec33d0c0112c4390a958dcfd2e9918c468630d0bcdc974a86b93c2a3dc6f4', 40, 1, 'authToken', '[]', 0, '2021-02-25 12:05:35', '2021-02-25 12:05:35', '2022-02-25 12:05:35'),
('e2c9cb16756e60fce9d2b13dc49808bb44e1f88b4a69bb44b25c987a4e27de12c50ea04f9fa4c7d4', 40, 1, 'authToken', '[]', 0, '2021-03-01 06:53:56', '2021-03-01 06:53:56', '2022-03-01 06:53:56'),
('e3384d7126a182d7a039608506e6d89bc955ecdf7ae24f9ecdf79fd3caf96853ba59dd2437b77abf', 40, 1, 'authToken', '[]', 0, '2021-02-23 11:01:18', '2021-02-23 11:01:18', '2022-02-23 11:01:18'),
('e33ca31cf91d5a5f35c17440fe01ede36206ca2f2c2cc7c6b461fefd477d066f9c44a953cfe5a701', 40, 1, 'authToken', '[]', 0, '2021-03-27 11:57:17', '2021-03-27 11:57:17', '2022-03-27 11:57:17'),
('e395c018a9979d242f05518da0bd0b9b572c5f78e196685148b6cee2684d4d6182f87bb15c06a331', 40, 1, 'authToken', '[]', 0, '2021-03-23 07:52:09', '2021-03-23 07:52:09', '2022-03-23 07:52:09'),
('e41b7065526fda6daaac689fd3193114f726081008113b03fae1431052b4ee2cd8a6ff6a65843dc7', 62, 1, 'authToken', '[]', 0, '2021-04-05 12:51:06', '2021-04-05 12:51:06', '2022-04-05 12:51:06'),
('e44a6d9791797fe281a6aa1854bb33c6b6e6e5e3f956924d1202506132850007e5b185fd6b4da69b', 55, 1, 'authToken', '[]', 0, '2021-04-05 05:19:05', '2021-04-05 05:19:05', '2022-04-05 05:19:05'),
('e4bca4621df37c943ed6244069ceb5e063ffb0c4fbe309de52e3e9f2351b61990794213f9265d13c', 40, 1, 'authToken', '[]', 0, '2021-03-02 07:34:39', '2021-03-02 07:34:39', '2022-03-02 07:34:39'),
('e4c2da9bf2a3525f28be03ea763315c3d6e49b637f60b8486e4073534323a4cb01489e11ab9e8b41', 40, 1, 'authToken', '[]', 0, '2021-03-03 09:56:42', '2021-03-03 09:56:42', '2022-03-03 09:56:42'),
('e53ba487284ee4ebc53720e48a07488230a36d6d9b0ff026581192743882064c1eb2872e4800d22b', 40, 1, 'authToken', '[]', 0, '2021-03-04 06:32:01', '2021-03-04 06:32:01', '2022-03-04 06:32:01'),
('e56701a047262c99a6fb3922fa3d498ab304b3d641a88ed59e78fae79aed53350dfe5f1bc3d6085c', 118, 1, 'authToken', '[]', 0, '2021-04-15 13:34:01', '2021-04-15 13:34:01', '2022-04-15 13:34:01'),
('e57653d7c064d9350710f7368f9e07a7ddbf079f65e2cacc96f7fbc1f72d7524e7f7c6190f2a9f5e', 40, 1, 'authToken', '[]', 0, '2021-02-26 07:22:32', '2021-02-26 07:22:32', '2022-02-26 07:22:32'),
('e581b23d5a10d8ee10505219b2431030bb78de0906be62050b53769b3ae04896d34d0c7c28db1066', 40, 1, 'authToken', '[]', 0, '2021-02-26 07:58:00', '2021-02-26 07:58:00', '2022-02-26 07:58:00'),
('e5f41336adf4575b42cca71bdbb9904f02ef765f428e3719cb4d755a76f13a5272540628ee286997', 40, 1, 'authToken', '[]', 0, '2021-03-22 13:16:56', '2021-03-22 13:16:56', '2022-03-22 13:16:56'),
('e5fcda4e188aa9d46cfa0c7431c6de89e3d1f115b15586f14c17249aa9695e268c3f9ee51b14cdf4', 50, 1, 'authToken', '[]', 0, '2021-03-17 07:31:13', '2021-03-17 07:31:13', '2022-03-17 07:31:13'),
('e608bdc5de1550774f139ab305b0d41d7cf5b1d02ce6bf492d7fb4b7e766c8bb29b647e67c7acc32', 40, 1, 'authToken', '[]', 0, '2021-03-01 08:07:32', '2021-03-01 08:07:32', '2022-03-01 08:07:32'),
('e655fbf450aac654889c93f912d707faad2f2e9b6bb384d07390ca64ec349c50ef74ddf93ed52f0a', 40, 1, 'authToken', '[]', 0, '2021-03-30 06:07:43', '2021-03-30 06:07:43', '2022-03-30 06:07:43'),
('e67016c29bc32d2a79e90924969779096e7b3d3d20cdd957b2daa5dcdd40252a00f5c94549572155', 40, 1, 'authToken', '[]', 0, '2021-03-27 11:59:36', '2021-03-27 11:59:36', '2022-03-27 11:59:36'),
('e6a6b83b91d06bcdc519bdf7b37b60bcbfbbb2469afa8bf8d5597d2b99d0e20e71c72225837f2071', 40, 1, 'authToken', '[]', 0, '2021-03-02 05:59:31', '2021-03-02 05:59:31', '2022-03-02 05:59:31'),
('e6bb415f14dc634f7fd1ac3f93ed69793f5814750e564ddde603ee96614b675e8f120e20102f32be', 10, 1, 'authToken', '[]', 0, '2021-02-16 05:35:16', '2021-02-16 05:35:16', '2022-02-16 11:05:16'),
('e7273552bcac7f3e7fc3a835a53c6ba2e9c4f67aee947a0f8bb7d19ac09e49b3e81ad22ce69166fa', 56, 1, 'authToken', '[]', 0, '2021-03-23 11:11:18', '2021-03-23 11:11:18', '2022-03-23 11:11:18'),
('e758f57feb6bdc384e476c343d51fbdeebc630ac23a483d96f41bae8765fcf9ab63aa488d9821880', 10, 1, 'authToken', '[]', 0, '2021-02-26 06:42:18', '2021-02-26 06:42:18', '2022-02-26 06:42:18'),
('e7d59f6e369757a0926873eb7b2462c1cbb630f0f595c9ce101bb4e23a35242e5abcc426f91fe602', 40, 1, 'authToken', '[]', 0, '2021-03-06 07:01:04', '2021-03-06 07:01:04', '2022-03-06 07:01:04'),
('e82a6f5a3addd0c8d98b3c8036a3cf8d4784047f8a0fbddf76a9dbe2c78df30238313650e8b3f3a6', 46, 1, 'authToken', '[]', 0, '2021-02-23 09:54:39', '2021-02-23 09:54:39', '2022-02-23 09:54:39'),
('e882fa0920b5b291dc943c6f8fb05eccf3a442b942a3d52ea52332485d36d5812c06485c1a98debe', 40, 1, 'authToken', '[]', 0, '2021-03-09 11:56:51', '2021-03-09 11:56:51', '2022-03-09 11:56:51'),
('e88f147969dead27d68935a01f6bf80989660e27cddd3506cf0ff96a362c7f664e3bbfe5fb506d65', 55, 1, 'authToken', '[]', 0, '2021-03-24 12:00:25', '2021-03-24 12:00:25', '2022-03-24 12:00:25'),
('e8cc9ea7a7f117b92fa850c3960825d7692ec925085fbc03705db6538865e076e6561d6ddd704bff', 63, 1, 'authToken', '[]', 0, '2021-04-05 12:55:07', '2021-04-05 12:55:07', '2022-04-05 12:55:07'),
('e8ee28cc3dfccc0bb1d983afe5e8ef96dbadfb271a4bf3e2448533e389dbdda3d8a88f581b565099', 86, 1, 'authToken', '[]', 0, '2021-04-29 10:09:04', '2021-04-29 10:09:04', '2022-04-29 10:09:04'),
('e8fd8c772adc0fd573acda03e972eb641b55de901e8edb6dabec0697ddab016e46936defb156b31d', 40, 1, 'authToken', '[]', 0, '2021-02-26 09:33:59', '2021-02-26 09:33:59', '2022-02-26 09:33:59'),
('e9183565b63e7f903f20972c58db58b3f6c9dd852a01dea3eb18d796f3626434e93983217cbe0738', 88, 1, 'authToken', '[]', 0, '2021-04-06 07:46:26', '2021-04-06 07:46:26', '2022-04-06 07:46:26'),
('e9526bad99fc86f43c5fdc6c5cf76d6fa61c08ba8986a99765d7a9cb64b662e9c430190fbebb670f', 50, 1, 'authToken', '[]', 0, '2021-04-05 04:43:27', '2021-04-05 04:43:27', '2022-04-05 04:43:27'),
('ea75cd281f443c0dbf1ac600172e82addcc208d5503139854090e4479a0e99fe8a15b3c269d17b94', 51, 1, 'authToken', '[]', 0, '2021-03-17 13:04:42', '2021-03-17 13:04:42', '2022-03-17 13:04:42'),
('ea76ee491ef92f35013ed39485c5d37c46c26fdc1bb54a3ff569de5e1a2185ebcc243f8180c5bd3a', 51, 1, 'authToken', '[]', 0, '2021-03-17 13:16:50', '2021-03-17 13:16:50', '2022-03-17 13:16:50'),
('eab8cd89764e6455507f48077ff124991393e5527dd2aa6b227a427b5a9e8b094163d19980321a3a', 40, 1, 'authToken', '[]', 0, '2021-04-05 05:21:13', '2021-04-05 05:21:13', '2022-04-05 05:21:13'),
('ead320cf058ff44c950c97454e8afbab78d7074e63c54237980f14520a1694bf5d06276c59943b24', 10, 1, 'authToken', '[]', 0, '2021-03-03 06:22:18', '2021-03-03 06:22:18', '2022-03-03 06:22:18'),
('eb1a772ac2c9e9c7fbe9b2239720751c027f04adc1cb683532b0b4abd1d802333ff9070f8117dce8', 40, 1, 'authToken', '[]', 0, '2021-03-10 05:59:44', '2021-03-10 05:59:44', '2022-03-10 05:59:44'),
('eb217d4a0285ad4e30cad3b2903570479a14ed238c17b2b296003b870cb8041b6481879d68e051a8', 55, 1, 'authToken', '[]', 0, '2021-04-05 05:19:05', '2021-04-05 05:19:05', '2022-04-05 05:19:05'),
('eb3d091bacb783ab1b622940d56e1b06dea5f92f7689705f77a678c2c215c4761f12aa2a775bd02e', 40, 1, 'authToken', '[]', 0, '2021-03-05 08:54:39', '2021-03-05 08:54:39', '2022-03-05 08:54:39'),
('eb3e1f428c41431326ab33185b098f8c2e3669315f5b3a91c109d8613b4c62e7bba19a5d42ccce6b', 40, 1, 'authToken', '[]', 0, '2021-03-08 07:46:44', '2021-03-08 07:46:44', '2022-03-08 07:46:44'),
('eb637ed8f00a11aedbe7ebf0b4fc64076f2823caa93357d3dcce05114342b2c5c3734cfe844f0a33', 113, 1, 'authToken', '[]', 0, '2021-04-15 13:27:19', '2021-04-15 13:27:19', '2022-04-15 13:27:19'),
('eb7f01e4b933d5a7ac474a64c33ef2ac4dee17df90290023d0e4a41b62638613fdb32cbab9a7b314', 40, 1, 'authToken', '[]', 0, '2021-02-26 06:24:38', '2021-02-26 06:24:38', '2022-02-26 06:24:38'),
('ebe507876e971b5a8997776a6f5eb40088a2e52f15952f2c9156c8fdbe59b4c2119b5913ef16cdd3', 40, 1, 'authToken', '[]', 0, '2021-02-23 13:26:20', '2021-02-23 13:26:20', '2022-02-23 13:26:20'),
('ebe9174e4d39b0e52b6d4e57b9c17edd4502c243d8fcfda0af08d959c5b87f639e49f9143c0b96b5', 86, 1, 'authToken', '[]', 0, '2021-04-09 06:45:50', '2021-04-09 06:45:50', '2022-04-09 06:45:50'),
('ebf0363483ad0a3e80a8a2de1594dd104a8de9b4e745c95758b8a34b1ea79bce551015e517497609', 135, 1, 'authToken', '[]', 0, '2021-05-03 17:30:36', '2021-05-03 17:30:36', '2022-05-03 17:30:36'),
('ec38c756362c9771439ef9b0affe84b334638cd8209a3af76a1a9e3bc99d4c1ebca0d1e6d3898dae', 40, 1, 'authToken', '[]', 0, '2021-02-23 12:09:56', '2021-02-23 12:09:56', '2022-02-23 12:09:56'),
('ec5809a4d824a5f5ca688df8af36584d95764113942f0eaf245c84b26d5007178c02a58f68e45034', 40, 1, 'authToken', '[]', 0, '2021-02-25 10:36:40', '2021-02-25 10:36:40', '2022-02-25 10:36:40'),
('ec5877b47e32094cbc3178ec92608a8f5d064b2545ae2d2014d8a8a699f36e1ceefd7d56d0661659', 40, 1, 'authToken', '[]', 0, '2021-03-06 09:52:44', '2021-03-06 09:52:44', '2022-03-06 09:52:44'),
('ec662e1ca57318b087d0371aa6f45697649ec039dc4f6e58fba852a2ab4c98bb9eaa0a8076f37017', 40, 1, 'authToken', '[]', 0, '2021-03-01 08:11:55', '2021-03-01 08:11:55', '2022-03-01 08:11:55'),
('ec77df94edc8f40a661a2b1df5ef0c2dcab5f13af83a655006dbb1b4e79381037cb49a4f9972860c', 10, 1, 'authToken', '[]', 0, '2021-02-22 07:50:21', '2021-02-22 07:50:21', '2022-02-22 07:50:21'),
('ec8392b74580f100a27f8ed91df7828dd22a9ab16b439d2d1114850ba2a2e4bf33447fa6fc373a9e', 86, 1, 'authToken', '[]', 0, '2021-04-09 06:42:44', '2021-04-09 06:42:44', '2022-04-09 06:42:44'),
('ecb6e209f9aac07f65f339c45859bd7e4b5ab7fd355302d63d50b63830b9cd6b9f03800ca57aa9e3', 40, 1, 'authToken', '[]', 0, '2021-03-17 13:45:29', '2021-03-17 13:45:29', '2022-03-17 13:45:29'),
('ecc1efd8ef9e41ae09cfedd7cd549d264696231784e3b8d9745fc337e5c0bb1917a283062c924ce7', 40, 1, 'authToken', '[]', 0, '2021-03-05 06:53:29', '2021-03-05 06:53:29', '2022-03-05 06:53:29'),
('ecc3e5ecfbed432a24116dcbc515e080b06e425df298596bbbc53d5bb76c7f1bdf035b495ee9e146', 106, 1, 'authToken', '[]', 0, '2021-04-14 18:25:40', '2021-04-14 18:25:40', '2022-04-14 18:25:40'),
('ecdb2059e4a8c4f2982070412a55778810dcbe5f5aa496b7c2434078568afcf5fabcb63c4e6168b1', 40, 1, 'authToken', '[]', 0, '2021-03-31 07:48:32', '2021-03-31 07:48:32', '2022-03-31 07:48:32'),
('ed1176171eb962e3ed9bfd286e83e850706977e39e4fb16c3e3183e337416570f1b8d739f1e0aa70', 40, 1, 'authToken', '[]', 0, '2021-02-25 10:56:41', '2021-02-25 10:56:41', '2022-02-25 10:56:41'),
('ed133cf46c8025b138f232b3ba7c69a5051473f56944fc048ec31036f1dc8dba48fad7df6496807c', 40, 1, 'authToken', '[]', 0, '2021-03-30 06:26:20', '2021-03-30 06:26:20', '2022-03-30 06:26:20'),
('ed785f75f4b994b500f04380527dfc312594ea903dfb04aaa357450f908d98c227cbf9e8cef6451e', 40, 1, 'authToken', '[]', 0, '2021-03-01 07:17:23', '2021-03-01 07:17:23', '2022-03-01 07:17:23'),
('ee9be0249c885401701ac693e4c1fbf86124e355feee8d127550d62ea15ab7c0ba06a7fa24dca64a', 40, 1, 'authToken', '[]', 0, '2021-03-02 07:33:18', '2021-03-02 07:33:18', '2022-03-02 07:33:18'),
('eed918b32fea3a0029d50f4ee0b38f2bf72fc0c95abaf99e8b47ee468b5fc420c23a12cb25a36efb', 84, 1, 'authToken', '[]', 0, '2021-04-29 09:36:25', '2021-04-29 09:36:25', '2022-04-29 09:36:25'),
('eef55ab77b662ce963dcc1df0384f9364b610c576eae4c56494ec7d8b469bebce621e465af364d9c', 33, 1, 'authToken', '[]', 0, '2021-02-19 09:36:18', '2021-02-19 09:36:18', '2022-02-19 09:36:18'),
('ef420c5c70b3e2a2625774ee3b66f18656b3b5494383c97da60183ed6a92871fa1ff1d567c6cc0cb', 40, 1, 'authToken', '[]', 0, '2021-03-08 06:28:50', '2021-03-08 06:28:50', '2022-03-08 06:28:50'),
('ef5cb8480fc8634b5f3221583d887be207fb68bb4d7ba8bfb6d7c4ef410275ed82806dbf39778742', 50, 1, 'authToken', '[]', 0, '2021-04-05 04:34:30', '2021-04-05 04:34:30', '2022-04-05 04:34:30'),
('ef7e323267ffdd411bb10110c091f34e3979e5365efffb4888b3ebbf1b0667e8c4fae2c84be49c81', 40, 1, 'authToken', '[]', 0, '2021-02-25 12:50:48', '2021-02-25 12:50:48', '2022-02-25 12:50:48'),
('ef97f386181685c63f6b046a1cb3aabac9aed8a66ba02f60f8c43e1b45cea385a4e064fb61e51737', 40, 1, 'authToken', '[]', 0, '2021-02-25 13:26:01', '2021-02-25 13:26:01', '2022-02-25 13:26:01'),
('eff7679a2204e1f84ee0076f1f2d86ee39f01ad5b4b8841cdb9757953c8aa5e81fd95e1b0f5a3922', 40, 1, 'authToken', '[]', 0, '2021-03-23 10:03:36', '2021-03-23 10:03:36', '2022-03-23 10:03:36'),
('f002179419f65fd7ceac0bfb7637b88477ec463d4bf92cffac75543545f5a294b3551a66d530feab', 40, 1, 'authToken', '[]', 0, '2021-02-25 11:34:55', '2021-02-25 11:34:55', '2022-02-25 11:34:55'),
('f053c5f6a433dbf17f893d1ed5740fae35086c53f5f2307e74f03a0310149bf51d9b6667ac382e60', 40, 1, 'authToken', '[]', 0, '2021-02-26 06:54:35', '2021-02-26 06:54:35', '2022-02-26 06:54:35'),
('f06235094eb5c0c99a6da0a05d92215f6c87a74b60b1554917c9cd96ec38fc50f1d263c666754087', 40, 1, 'authToken', '[]', 0, '2021-03-27 08:22:14', '2021-03-27 08:22:14', '2022-03-27 08:22:14'),
('f1169ee854015db7e3d0df8e1b67714040fcadb55ad4b79226408d59b4240ae0278afafe63ee4d9f', 40, 1, 'authToken', '[]', 0, '2021-03-01 08:16:37', '2021-03-01 08:16:37', '2022-03-01 08:16:37'),
('f158352003a3994d2f81a05d30a8f10e7104ebf3cd5fc8ca0bf400b115cabc235fc434ea95ba31f6', 40, 1, 'authToken', '[]', 0, '2021-03-30 13:19:23', '2021-03-30 13:19:23', '2022-03-30 13:19:23'),
('f15e476d980504a03acaf9fc81bef2ee141f6021af076d8d15e152a7bf32eb2983300dc4df7e693e', 40, 1, 'authToken', '[]', 0, '2021-02-23 13:04:14', '2021-02-23 13:04:14', '2022-02-23 13:04:14'),
('f16df16aaf18d51f34c7f5a11e7d43525226a5175016f5433f6820869ca9cbaf77d6aed59adac441', 86, 1, 'authToken', '[]', 0, '2021-04-17 16:19:56', '2021-04-17 16:19:56', '2022-04-17 16:19:56'),
('f1e495346d486750c223b39ecbfecca7f105d6f84caa3b2124d956a51067eb1d727712389e86bac7', 40, 1, 'authToken', '[]', 0, '2021-03-17 09:22:36', '2021-03-17 09:22:36', '2022-03-17 09:22:36'),
('f219ed49a745850afd57a1dce60040c7df28319820bef60230f0c02a4e4adef806ac752669cb7242', 40, 1, 'authToken', '[]', 0, '2021-03-17 07:56:28', '2021-03-17 07:56:28', '2022-03-17 07:56:28'),
('f2782678bcec45bab3789d28ef006777147ad77fec2efd4aa1c04587e0005dce5e6f16e4c11fbed4', 40, 1, 'authToken', '[]', 0, '2021-03-01 06:12:13', '2021-03-01 06:12:13', '2022-03-01 06:12:13'),
('f2e46421a309efd7235f9fcf1a8cb24685b7b8cd0b105e2bcdfdfcc57b90e9ef9c16702811d6e670', 55, 1, 'authToken', '[]', 0, '2021-04-05 05:19:06', '2021-04-05 05:19:06', '2022-04-05 05:19:06'),
('f354e57fbf4f723574d13adda22c606d7982eb2fbecb303fbcc9079d8eba2d75a9fb599c65dc4bc2', 40, 1, 'authToken', '[]', 0, '2021-03-01 09:41:12', '2021-03-01 09:41:12', '2022-03-01 09:41:12'),
('f389c56ddc7c037d03a36de4e8cdaafe99cd2bae04e583e11c21fb8a7fcc2274700becc7de547e28', 40, 1, 'authToken', '[]', 0, '2021-03-30 07:02:07', '2021-03-30 07:02:07', '2022-03-30 07:02:07'),
('f39ad0a3ed18869d5989532b5717bea4532056ffdf4825ed0aa4bf45056aaf5068f962f32118f2f3', 48, 1, 'authToken', '[]', 0, '2021-03-08 09:33:20', '2021-03-08 09:33:20', '2022-03-08 09:33:20'),
('f3aac232ccd8385f1bd08d6fc3f9fb602aeaa25391d40ef7e68dd0a49a7e747da41f1bfb46bad408', 40, 1, 'authToken', '[]', 0, '2021-02-24 06:08:16', '2021-02-24 06:08:16', '2022-02-24 06:08:16'),
('f3ee6f751677fe43ce8a5d31bcab602ad2da4e6c81336ea64f40d533b8565fa34fa630f774d6d7ae', 54, 1, 'authToken', '[]', 0, '2021-03-11 07:39:54', '2021-03-11 07:39:54', '2022-03-11 07:39:54'),
('f3f4950b0d9120db0703ee081182c22cd4edaa116e4b897a3032dc0f5758bfc550e751cbac1497a5', 40, 1, 'authToken', '[]', 0, '2021-03-11 07:22:39', '2021-03-11 07:22:39', '2022-03-11 07:22:39'),
('f40c6625aaff258841c0245946a348588cffa40776f21702c7de1d0e12071a7891134f1e7c4643ea', 40, 1, 'authToken', '[]', 0, '2021-03-03 13:11:02', '2021-03-03 13:11:02', '2022-03-03 13:11:02'),
('f4358ffe32f7bf785c466857d6071068d0201048f3750db0cd9f749046f1b45eb27721077705b97e', 131, 1, 'authToken', '[]', 0, '2021-04-28 07:28:46', '2021-04-28 07:28:46', '2022-04-28 07:28:46'),
('f481faea155af2cce5e4b3309a775c8f2d366d3623d5125de1852f096aa99eb4c3ebc4c4626b2115', 40, 1, 'authToken', '[]', 0, '2021-03-06 07:37:39', '2021-03-06 07:37:39', '2022-03-06 07:37:39'),
('f4b6b8625c42cc9e1155f26e44e38f4cfb7702ed46a15a772bc369242ce2c1a137f086f3498cbe17', 40, 1, 'authToken', '[]', 0, '2021-02-25 09:19:40', '2021-02-25 09:19:40', '2022-02-25 09:19:40'),
('f4e0dd5513234a5a0b9d485fd832de46f7a8bfd7e011fcb7a228fded4ee4ab3be40103b3934a00a1', 84, 1, 'authToken', '[]', 0, '2021-04-28 05:48:08', '2021-04-28 05:48:08', '2022-04-28 05:48:08'),
('f536608127d7a879843a85c75e82b84299a0528c4f6330cd7106ded770ab5f88a58c5e3d1be1b3b6', 63, 1, 'authToken', '[]', 0, '2021-04-06 04:34:50', '2021-04-06 04:34:50', '2022-04-06 04:34:50'),
('f5453b2267e7693295ebd8509e8a5679dc901f629ac08cec8a5c089b3a844af6b3336079c1e3bfb6', 40, 1, 'authToken', '[]', 0, '2021-03-01 11:23:58', '2021-03-01 11:23:58', '2022-03-01 11:23:58'),
('f54773faf39da98602e22e9013b8a79a5d8291c9b3e3e919b2c43cc5590cf07f3cfa1fb5ca5cece9', 40, 1, 'authToken', '[]', 0, '2021-02-25 13:39:49', '2021-02-25 13:39:49', '2022-02-25 13:39:49'),
('f5917f9f316b9d1ccfa0a37a9621f6a45a13788d828c9a4a924f7f21f5144e965df1bccafc87c812', 40, 1, 'authToken', '[]', 0, '2021-02-23 10:43:12', '2021-02-23 10:43:12', '2022-02-23 10:43:12'),
('f5ec434a7d989ddc9b69cc0f65b0035ea02c44efbc312f982f07493f0b73cdbc4468bac982604181', 40, 1, 'authToken', '[]', 0, '2021-03-22 11:58:37', '2021-03-22 11:58:37', '2022-03-22 11:58:37'),
('f6092cad8a12cdefe0b7119bb0401acb848c28efc039692eb7a2b9ee79d2f9e8d79df68b76d6cf08', 55, 1, 'authToken', '[]', 0, '2021-04-05 05:19:05', '2021-04-05 05:19:05', '2022-04-05 05:19:05'),
('f661d30e6d4113e2aabb909b248872a5c147311d38b9b690c93512d30a43a16f20a21bb3a0288ecd', 40, 1, 'authToken', '[]', 0, '2021-03-17 08:11:27', '2021-03-17 08:11:27', '2022-03-17 08:11:27'),
('f6dfdcf0cb1f47c6e8fb8e70384d1cbd9890e692ea023eeb64b7de0b03ce59bb05aed02c44eb2500', 40, 1, 'authToken', '[]', 0, '2021-02-25 11:04:39', '2021-02-25 11:04:39', '2022-02-25 11:04:39'),
('f71ad03d594e1a56eab65f99bc3adf7056ce4a7eb2808ae2a0b6b9c499912d59ca530fae72bb8a31', 40, 1, 'authToken', '[]', 0, '2021-02-25 10:24:16', '2021-02-25 10:24:16', '2022-02-25 10:24:16'),
('f7243217bbb590da3a5ed9404c1e2ebcdf796301348ebeb1f4aeaa8641341b6c635120adb18f4bd8', 38, 1, 'authToken', '[]', 0, '2021-02-19 09:48:01', '2021-02-19 09:48:01', '2022-02-19 09:48:01'),
('f72468a768e8c227d53fe6bbf1efba77bbc38089f3e238f2b868e25d8209730a7e0a307d63ae7eeb', 40, 1, 'authToken', '[]', 0, '2021-02-25 10:27:57', '2021-02-25 10:27:57', '2022-02-25 10:27:57'),
('f7288be33ea3aea9eebbcacc38fc49280024efcca01c747231ec7d52d876093d4f78e429f7e97919', 40, 1, 'authToken', '[]', 0, '2021-02-23 11:44:31', '2021-02-23 11:44:31', '2022-02-23 11:44:31'),
('f750bb25d74be928ac366093a5d4e8c93063b0b1a0d8088486c89ca2177f66df0755df6faf23340f', 46, 1, 'authToken', '[]', 0, '2021-02-22 06:19:38', '2021-02-22 06:19:38', '2022-02-22 06:19:38'),
('f780a80e7beb4cba935cb5a3a0bd7350c95a736947c6004d734fef3c34e97dc5c369bfd9032cc33f', 40, 1, 'authToken', '[]', 0, '2021-02-23 13:54:58', '2021-02-23 13:54:58', '2022-02-23 13:54:58'),
('f85948f9cb0aff00672fe6318d9feab784242ffdb3e3fa55e6ab61b59e1392df908e1ceede0c9c21', 51, 1, 'authToken', '[]', 0, '2021-03-17 13:19:10', '2021-03-17 13:19:10', '2022-03-17 13:19:10'),
('f85eb38c66882ec8134152cda2e14312b3673c7860a022122103319dd47ef2a5cd3c765ef4f75714', 40, 1, 'authToken', '[]', 0, '2021-03-17 13:44:05', '2021-03-17 13:44:05', '2022-03-17 13:44:05'),
('f8ac0559ac582b061e71cc90767240cff8f1e5c5851ea1a9be91715b88d22702a7eb589183d68def', 46, 1, 'authToken', '[]', 0, '2021-02-22 12:50:42', '2021-02-22 12:50:42', '2022-02-22 12:50:42'),
('f8c461d69255c66cac96a96819d1e2b4c9058f7b247e3b36c5157919f75b852f0513b87930414b7f', 40, 1, 'authToken', '[]', 0, '2021-04-03 08:04:20', '2021-04-03 08:04:20', '2022-04-03 08:04:20'),
('f915291d0e865114b5c3113fe1503b16b656698ccee98fcd27eb7abf2e83ce7cf85931c2827e7f3f', 46, 1, 'authToken', '[]', 0, '2021-02-23 06:25:01', '2021-02-23 06:25:01', '2022-02-23 06:25:01'),
('f929af20b94e5bacab1196ec0b6ff4c04a8d88e4369cc9985718e945b5e5b4fbbb7becb43bc03e76', 10, 1, 'authToken', '[]', 0, '2021-02-23 10:25:46', '2021-02-23 10:25:46', '2022-02-23 10:25:46'),
('f932c1783cb65090822e6f70c809663cd9dcb0e6a51c2153eb58bf0967aee2996b5ac449659ed7ca', 40, 1, 'authToken', '[]', 0, '2021-02-26 07:04:44', '2021-02-26 07:04:44', '2022-02-26 07:04:44'),
('f9831b0c2f8db0175f2795ec6eedca3b784e4a8941a3125e4ac129d51833ef731933fe0c0ca64d10', 87, 1, 'authToken', '[]', 0, '2021-04-29 06:42:11', '2021-04-29 06:42:11', '2022-04-29 06:42:11'),
('f9b6bd366642298a2cdc992095ef585b45113730ed6fd282cd3bf6e01d352ca96b811c84cad081c7', 40, 1, 'authToken', '[]', 0, '2021-03-17 10:42:35', '2021-03-17 10:42:35', '2022-03-17 10:42:35'),
('f9bc038e43faac0841f101b62c2cae2199b0ba6fbe3de07ca90668f0bd690a76cfce4978167dd7be', 40, 1, 'authToken', '[]', 0, '2021-03-08 08:07:33', '2021-03-08 08:07:33', '2022-03-08 08:07:33'),
('f9e8d7cffb2bda6fef4da05bf72b02f6a2d49cc868856a39bdd42d0bffbbd0d09d2094b455e81248', 84, 1, 'authToken', '[]', 0, '2021-04-29 05:23:27', '2021-04-29 05:23:27', '2022-04-29 05:23:27'),
('f9eb93bcd9bd7ebb7380c0c0adde4ed40385f5213fb8c1d97cfd9b6ba5d3730f8eb4028381525859', 46, 1, 'authToken', '[]', 0, '2021-02-23 09:28:08', '2021-02-23 09:28:08', '2022-02-23 09:28:08'),
('f9eea06108b8b2b9f882511491a6178a8745f11fda6665f79b1b5bff904b1ec9a9852139c51016f4', 84, 1, 'authToken', '[]', 0, '2021-04-06 07:28:21', '2021-04-06 07:28:21', '2022-04-06 07:28:21'),
('f9f67214169d8558e082323773148dc992e6ed9416cd418100f2bcf7ffc3e4687545a9098cb94b7f', 10, 1, 'authToken', '[]', 0, '2021-03-11 07:40:34', '2021-03-11 07:40:34', '2022-03-11 07:40:34'),
('fa56b27ab40ebd439b1f2a93871ccfd0541bb55cca7fceceea784bb4ab344acb3d0ebcaccdccabf3', 40, 1, 'authToken', '[]', 0, '2021-03-22 12:06:15', '2021-03-22 12:06:15', '2022-03-22 12:06:15'),
('fa5bd2f01aee11e8b133cd0a048e3c046120f1e6e677102e48017cadfb09518b17fd609f98023ccf', 84, 1, 'authToken', '[]', 0, '2021-04-29 06:28:54', '2021-04-29 06:28:54', '2022-04-29 06:28:54'),
('faa0a60c8d31d4e25d30b557887657b50ea6d4df1875b1315f712f11876151f296fed61d63754f2e', 40, 1, 'authToken', '[]', 0, '2021-03-03 11:38:20', '2021-03-03 11:38:20', '2022-03-03 11:38:20'),
('fac5e7a51455b44d1cf2cc4c51ce3db3c681ba170c6c903408496c1d8c9c1754be5f0eb43645e14a', 40, 1, 'authToken', '[]', 0, '2021-03-03 13:46:39', '2021-03-03 13:46:39', '2022-03-03 13:46:39'),
('fb1cd161205257a8b8dff00629714a9f812f2a82df2cb345c2d64a84d5997033270175b46fa9538c', 101, 1, 'authToken', '[]', 0, '2021-04-14 17:42:20', '2021-04-14 17:42:20', '2022-04-14 17:42:20'),
('fb58f3019cdd76af09e1554204dc55aa07203e1ed7152a70161049a065569787b01e8d808549eca5', 40, 1, 'authToken', '[]', 0, '2021-03-29 13:23:03', '2021-03-29 13:23:03', '2022-03-29 13:23:03'),
('fbadc7974bfe5a16d7bced359c13572ae966c0379c3c5c50e070ddc84cfde53397d4e1de2ea1b0cc', 10, 1, 'authToken', '[]', 0, '2021-02-18 03:18:12', '2021-02-18 03:18:12', '2022-02-18 08:48:12'),
('fbc0106a79e0e58a4dfafd7cd764dce13aa00c26279267e865dbdccf22853eb2560a82d6703228a8', 40, 1, 'authToken', '[]', 0, '2021-03-03 13:30:26', '2021-03-03 13:30:26', '2022-03-03 13:30:26'),
('fbcbe3529e60906c54fa8be6733cd43ddfdee563b550f3feb318f1b272ce1baa6492b4e9c633f838', 40, 1, 'authToken', '[]', 0, '2021-03-03 10:32:09', '2021-03-03 10:32:09', '2022-03-03 10:32:09'),
('fc79c7396e7028c34a18adf12e2236ddf662b731830531c7edcf5a8e1487455633d9dd9ed91f6c47', 40, 1, 'authToken', '[]', 0, '2021-03-19 07:56:27', '2021-03-19 07:56:27', '2022-03-19 07:56:27'),
('fcbe38b51d0a9ccf53ccd01fc5f6957c2037bd035c0beea617b4954df7de6b8f2285a8b3d8304985', 40, 1, 'authToken', '[]', 0, '2021-03-30 06:28:58', '2021-03-30 06:28:58', '2022-03-30 06:28:58'),
('fcc6eb7b7f3084a49abd85a8dc8fd06138b57161ce1e6c308c2a83f9610914a21cb285bd8f64f05c', 11, 1, 'authToken', '[]', 0, '2021-02-19 06:23:06', '2021-02-19 06:23:06', '2022-02-19 06:23:06');
INSERT INTO `oauth_access_tokens` (`id`, `user_id`, `client_id`, `name`, `scopes`, `revoked`, `created_at`, `updated_at`, `expires_at`) VALUES
('fcea29d18fa10988cab9868735b9bc45c9c0bf05407225f7b0ece9c608b5ace4caf7dd97412e54a1', 134, 1, 'authToken', '[]', 0, '2021-04-29 16:39:38', '2021-04-29 16:39:38', '2022-04-29 16:39:38'),
('fdc710e53c2c9eccfe6ece92804598b487ff5c118dc7d85cce505a253e158c74fc9c91caa48c3319', 40, 1, 'authToken', '[]', 0, '2021-03-08 06:12:42', '2021-03-08 06:12:42', '2022-03-08 06:12:42'),
('fdf36205cebe71e8b99054229068a9d27196da715f6eba489d58ceb5d50fc6b809355464aab15943', 63, 1, 'authToken', '[]', 0, '2021-04-06 06:12:38', '2021-04-06 06:12:38', '2022-04-06 06:12:38'),
('fe119581fe29a29bc2e2ca549e5ec24262921aa46adf288c1c42797a9f443c3ec54fb73ac8ff863f', 55, 1, 'authToken', '[]', 0, '2021-04-05 05:19:05', '2021-04-05 05:19:05', '2022-04-05 05:19:05'),
('fe5c2743d04b274bf3fcaac801886e474b5f4be20f2548dcd9e731e5077c536643d380d27e24d27a', 40, 1, 'authToken', '[]', 0, '2021-03-11 10:35:45', '2021-03-11 10:35:45', '2022-03-11 10:35:45'),
('fe6ae7b97af2e1ea32fd2b4fd87181d0b1838b88e4b9489f6a14a1a1c6cdcf8714cb8f73c8a2fe63', 40, 1, 'authToken', '[]', 0, '2021-02-23 11:58:28', '2021-02-23 11:58:28', '2022-02-23 11:58:28'),
('fe827d5d38c141dea179e1da9b71d8df04075a59c5bb18e11e6c302481bbced716a2f1b9143c8eec', 40, 1, 'authToken', '[]', 0, '2021-03-06 06:33:54', '2021-03-06 06:33:54', '2022-03-06 06:33:54'),
('fecf972dce90537932136da02420d4d74d045d9f076a5310232e83d34b464a8fe7413b1bea63f6f0', 40, 1, 'authToken', '[]', 0, '2021-03-17 05:48:14', '2021-03-17 05:48:14', '2022-03-17 05:48:14'),
('fefa02a62b4492f9a8ab8c787afc340911daaca3cd1e18eeaeb0d45d63b072a9cd639bbbf15da168', 132, 1, 'authToken', '[]', 0, '2021-04-28 07:52:34', '2021-04-28 07:52:34', '2022-04-28 07:52:34'),
('ff3b31ae1a787e81aa4f7255c188847f7ec01fb54fb4f05723c794b59f8b1f1d036e33b8db7d7f76', 40, 1, 'authToken', '[]', 0, '2021-03-03 07:28:54', '2021-03-03 07:28:54', '2022-03-03 07:28:54'),
('ff7a86c7fb55caa7bc40031d720a2610e155d6eed6dcb3589e785b6a1dd5215d7e4dff8c7a2e2c3a', 51, 1, 'authToken', '[]', 0, '2021-03-17 13:30:59', '2021-03-17 13:30:59', '2022-03-17 13:30:59'),
('ffbd64a9aa1270dffdfaa282c29ca2c4612273e0644e8e73b0adfc42f1ca3431d7ea9643a6ceaaed', 40, 1, 'authToken', '[]', 0, '2021-04-05 09:32:56', '2021-04-05 09:32:56', '2022-04-05 09:32:56'),
('ffc3825225fd06c735d5c319237542119d02c544cb1d78434168d8e7d3b8074645a538d6b69ed4aa', 40, 1, 'authToken', '[]', 0, '2021-03-02 07:41:17', '2021-03-02 07:41:17', '2022-03-02 07:41:17');

-- --------------------------------------------------------

--
-- Table structure for table `oauth_auth_codes`
--

CREATE TABLE `oauth_auth_codes` (
  `id` varchar(100) COLLATE utf8mb4_unicode_ci NOT NULL,
  `user_id` bigint(20) UNSIGNED NOT NULL,
  `client_id` bigint(20) UNSIGNED NOT NULL,
  `scopes` text COLLATE utf8mb4_unicode_ci DEFAULT NULL,
  `revoked` tinyint(1) NOT NULL,
  `expires_at` datetime DEFAULT NULL
) ENGINE=InnoDB DEFAULT CHARSET=utf8mb4 COLLATE=utf8mb4_unicode_ci;

-- --------------------------------------------------------

--
-- Table structure for table `oauth_clients`
--

CREATE TABLE `oauth_clients` (
  `id` bigint(20) UNSIGNED NOT NULL,
  `user_id` bigint(20) UNSIGNED DEFAULT NULL,
  `name` varchar(255) COLLATE utf8mb4_unicode_ci NOT NULL,
  `secret` varchar(100) COLLATE utf8mb4_unicode_ci DEFAULT NULL,
  `provider` varchar(255) COLLATE utf8mb4_unicode_ci DEFAULT NULL,
  `redirect` text COLLATE utf8mb4_unicode_ci NOT NULL,
  `personal_access_client` tinyint(1) NOT NULL,
  `password_client` tinyint(1) NOT NULL,
  `revoked` tinyint(1) NOT NULL,
  `created_at` timestamp NULL DEFAULT NULL,
  `updated_at` timestamp NULL DEFAULT NULL
) ENGINE=InnoDB DEFAULT CHARSET=utf8mb4 COLLATE=utf8mb4_unicode_ci;

--
-- Dumping data for table `oauth_clients`
--

INSERT INTO `oauth_clients` (`id`, `user_id`, `name`, `secret`, `provider`, `redirect`, `personal_access_client`, `password_client`, `revoked`, `created_at`, `updated_at`) VALUES
(1, NULL, 'Laravel Personal Access Client', 'SURNhdAAVyCE6NTgPvjW8rCMsRTo7E5Wo37z1vUN', NULL, 'http://localhost', 1, 0, 0, '2021-02-16 00:47:01', '2021-02-16 00:47:01'),
(2, NULL, 'Laravel Password Grant Client', '6NcP7SU2Pgvrd7GxSWjworv93OHlpOiMLJaJbEFH', 'users', 'http://localhost', 0, 1, 0, '2021-02-16 00:47:01', '2021-02-16 00:47:01');

-- --------------------------------------------------------

--
-- Table structure for table `oauth_personal_access_clients`
--

CREATE TABLE `oauth_personal_access_clients` (
  `id` bigint(20) UNSIGNED NOT NULL,
  `client_id` bigint(20) UNSIGNED NOT NULL,
  `created_at` timestamp NULL DEFAULT NULL,
  `updated_at` timestamp NULL DEFAULT NULL
) ENGINE=InnoDB DEFAULT CHARSET=utf8mb4 COLLATE=utf8mb4_unicode_ci;

--
-- Dumping data for table `oauth_personal_access_clients`
--

INSERT INTO `oauth_personal_access_clients` (`id`, `client_id`, `created_at`, `updated_at`) VALUES
(1, 1, '2021-02-16 00:47:01', '2021-02-16 00:47:01');

-- --------------------------------------------------------

--
-- Table structure for table `oauth_refresh_tokens`
--

CREATE TABLE `oauth_refresh_tokens` (
  `id` varchar(100) COLLATE utf8mb4_unicode_ci NOT NULL,
  `access_token_id` varchar(100) COLLATE utf8mb4_unicode_ci NOT NULL,
  `revoked` tinyint(1) NOT NULL,
  `expires_at` datetime DEFAULT NULL
) ENGINE=InnoDB DEFAULT CHARSET=utf8mb4 COLLATE=utf8mb4_unicode_ci;

-- --------------------------------------------------------

--
-- Table structure for table `orders`
--

CREATE TABLE `orders` (
  `id` bigint(20) UNSIGNED NOT NULL,
  `userId` varchar(255) COLLATE utf8mb4_unicode_ci DEFAULT NULL,
  `cartId` varchar(255) COLLATE utf8mb4_unicode_ci DEFAULT NULL,
  `categoryId` varchar(255) COLLATE utf8mb4_unicode_ci DEFAULT NULL,
  `productId` varchar(255) COLLATE utf8mb4_unicode_ci DEFAULT NULL,
  `address` varchar(255) COLLATE utf8mb4_unicode_ci DEFAULT NULL,
  `pinCode` varchar(255) COLLATE utf8mb4_unicode_ci DEFAULT NULL,
  `city` varchar(255) COLLATE utf8mb4_unicode_ci DEFAULT NULL,
  `type` varchar(255) COLLATE utf8mb4_unicode_ci DEFAULT NULL,
  `notifi` varchar(255) COLLATE utf8mb4_unicode_ci NOT NULL DEFAULT 'pending',
  `created_at` timestamp NULL DEFAULT NULL,
  `updated_at` timestamp NULL DEFAULT NULL
) ENGINE=InnoDB DEFAULT CHARSET=utf8mb4 COLLATE=utf8mb4_unicode_ci;

--
-- Dumping data for table `orders`
--

INSERT INTO `orders` (`id`, `userId`, `cartId`, `categoryId`, `productId`, `address`, `pinCode`, `city`, `type`, `notifi`, `created_at`, `updated_at`) VALUES
(77, '40', '134', '6', '12,13', 'Hyderabad', NULL, NULL, NULL, 'pending', '2021-03-27 09:26:37', '2021-03-27 09:26:37'),
(78, '55', '136,137,138', '6,9,8', '12', 'vajvsbnhdnd', NULL, NULL, NULL, 'pending', '2021-04-03 11:53:26', '2021-04-03 11:53:26');

-- --------------------------------------------------------

--
-- Table structure for table `packagemanage`
--

CREATE TABLE `packagemanage` (
  `id` bigint(20) UNSIGNED NOT NULL,
  `packageName` varchar(255) COLLATE utf8mb4_unicode_ci DEFAULT NULL,
  `packageLimit` varchar(255) COLLATE utf8mb4_unicode_ci DEFAULT NULL,
  `packageCost` varchar(255) COLLATE utf8mb4_unicode_ci DEFAULT NULL,
  `status` varchar(255) COLLATE utf8mb4_unicode_ci DEFAULT NULL,
  `valueone` varchar(255) COLLATE utf8mb4_unicode_ci DEFAULT NULL,
  `valuetwo` varchar(255) COLLATE utf8mb4_unicode_ci DEFAULT NULL,
  `valuethree` varchar(255) COLLATE utf8mb4_unicode_ci DEFAULT NULL,
  `created_at` timestamp NULL DEFAULT NULL,
  `updated_at` timestamp NULL DEFAULT NULL
) ENGINE=InnoDB DEFAULT CHARSET=utf8mb4 COLLATE=utf8mb4_unicode_ci;

--
-- Dumping data for table `packagemanage`
--

INSERT INTO `packagemanage` (`id`, `packageName`, `packageLimit`, `packageCost`, `status`, `valueone`, `valuetwo`, `valuethree`, `created_at`, `updated_at`) VALUES
(3, 'Basic', '5', '0', NULL, 'Up to 5 users', 'Up to 20 transactions per month', 'Single company record', NULL, NULL),
(4, 'Standard', '5', '800', NULL, 'Up to 5 users', 'Up to 20 transactions per month', 'Single company record', NULL, NULL),
(5, 'Premium', '1360', '800', NULL, 'Unlimited users', 'unlimited transactions', 'Multiple company record', NULL, NULL);

-- --------------------------------------------------------

--
-- Table structure for table `password_resets`
--

CREATE TABLE `password_resets` (
  `email` varchar(255) COLLATE utf8mb4_unicode_ci NOT NULL,
  `token` varchar(255) COLLATE utf8mb4_unicode_ci NOT NULL,
  `created_at` timestamp NULL DEFAULT NULL
) ENGINE=InnoDB DEFAULT CHARSET=utf8mb4 COLLATE=utf8mb4_unicode_ci;

-- --------------------------------------------------------

--
-- Table structure for table `postquestion`
--

CREATE TABLE `postquestion` (
  `id` bigint(20) UNSIGNED NOT NULL,
  `userId` varchar(255) COLLATE utf8mb4_unicode_ci DEFAULT NULL,
  `questionId` varchar(255) COLLATE utf8mb4_unicode_ci DEFAULT NULL,
  `actionKey` varchar(255) COLLATE utf8mb4_unicode_ci DEFAULT NULL,
  `healthstatus` varchar(255) COLLATE utf8mb4_unicode_ci DEFAULT NULL,
  `created_at` timestamp NULL DEFAULT NULL,
  `updated_at` timestamp NULL DEFAULT NULL
) ENGINE=InnoDB DEFAULT CHARSET=utf8mb4 COLLATE=utf8mb4_unicode_ci;

--
-- Dumping data for table `postquestion`
--

INSERT INTO `postquestion` (`id`, `userId`, `questionId`, `actionKey`, `healthstatus`, `created_at`, `updated_at`) VALUES
(165, '40', '58', 'yes', 'Obese', '2021-03-28 18:46:12', '2021-03-30 12:59:56'),
(166, '40', '58', 'no', 'Obese', '2021-03-27 18:46:09', '2021-03-30 12:59:56'),
(167, '40', '58', 'yes', 'Obese', '2021-03-26 18:46:05', '2021-03-30 12:59:56'),
(168, '40', '59', 'yes', 'Obese', '2021-03-25 18:45:57', '2021-03-30 12:59:59'),
(169, '40', '60', 'yes', 'Obese', '2021-03-24 13:00:00', '2021-03-30 13:00:00'),
(170, '40', '61', 'no', 'Obese', '2021-03-23 13:00:01', '2021-03-30 13:00:01'),
(171, '40', '62', 'no', 'Obese', '2022-10-22 13:00:02', '2021-03-30 13:00:02'),
(172, '40', '58', 'yes', 'Obese', '2021-03-31 09:49:10', '2021-03-31 09:49:10'),
(173, '40', '59', 'no', 'Obese', '2021-03-31 09:49:18', '2021-03-31 09:49:18'),
(174, '40', '60', 'yes', 'Obese', '2021-03-31 09:49:22', '2021-03-31 09:49:22'),
(175, '40', '61', 'yes', 'Obese', '2021-03-31 09:49:31', '2021-03-31 09:49:31'),
(176, '40', '62', 'no', 'Obese', '2021-03-31 09:49:37', '2021-03-31 09:49:37'),
(177, '55', '59', 'yes', 'Obese', '2021-04-03 12:04:43', '2021-04-03 12:04:43'),
(178, '55', '60', 'yes', 'Obese', '2021-04-03 12:04:44', '2021-04-03 12:04:44'),
(179, '55', '61', 'yes', 'Obese', '2021-04-03 12:04:45', '2021-04-03 12:04:45'),
(180, '55', '58', 'no', 'Obese', '2021-04-05 04:40:58', '2021-04-05 04:40:58'),
(181, '55', '59', 'yes', 'Obese', '2021-04-05 04:41:01', '2021-04-05 04:41:01'),
(182, '40', '58', 'no', 'Obese', '2021-04-05 05:51:57', '2021-04-05 05:51:57'),
(183, '40', '58', 'yes', 'Obese', '2021-04-05 05:52:00', '2021-04-05 05:52:00'),
(184, '40', '58', 'no', 'Obese', '2021-04-05 05:52:00', '2021-04-05 05:52:00'),
(185, '40', '58', 'yes', 'Obese', '2021-04-05 05:52:01', '2021-04-05 05:52:01'),
(186, '40', '58', 'no', 'Obese', '2021-04-05 05:52:01', '2021-04-05 05:52:01'),
(187, '40', '58', 'yes', 'Obese', '2021-04-05 05:52:02', '2021-04-05 05:52:02'),
(188, '40', '58', 'yes', 'Obese', '2021-04-05 05:52:02', '2021-04-05 05:52:02'),
(189, '40', '58', 'no', 'Obese', '2021-04-05 05:52:02', '2021-04-05 05:52:02'),
(190, '40', '58', 'yes', 'Obese', '2021-04-05 05:52:03', '2021-04-05 05:52:03'),
(191, '40', '58', 'yes', 'Obese', '2021-04-05 05:52:04', '2021-04-05 05:52:04'),
(192, '40', '58', 'yes', 'Obese', '2021-04-05 05:52:05', '2021-04-05 05:52:05'),
(193, '40', '58', 'no', 'Obese', '2021-04-05 05:52:11', '2021-04-05 05:52:11'),
(194, '40', '58', 'no', 'Obese', '2021-04-05 05:52:20', '2021-04-05 05:52:20'),
(195, '40', '58', 'no', 'Obese', '2021-04-05 05:52:20', '2021-04-05 05:52:20'),
(196, '40', '58', 'no', 'Obese', '2021-04-05 05:52:34', '2021-04-05 05:52:34'),
(197, '40', '58', 'no', 'Obese', '2021-04-05 05:52:42', '2021-04-05 05:52:42'),
(198, '50', '58', 'yes', 'Obese', '2021-04-05 06:23:39', '2021-04-05 06:23:39'),
(199, '50', '58', 'yes', 'Obese', '2021-04-05 06:24:38', '2021-04-05 06:24:38'),
(200, '50', '58', 'yes', 'Obese', '2021-04-05 06:26:37', '2021-04-05 06:26:37'),
(201, '50', '58', 'no', 'Obese', '2021-04-05 06:29:14', '2021-04-05 06:29:14'),
(202, '50', '58', 'no', 'Obese', '2021-04-05 06:29:33', '2021-04-05 06:29:33'),
(203, '50', '58', 'yes', 'Obese', '2021-04-05 06:29:35', '2021-04-05 06:29:35'),
(204, '50', '58', 'no', 'Obese', '2021-04-05 06:30:08', '2021-04-05 06:30:08'),
(205, '50', '58', 'yes', 'Obese', '2021-04-05 06:30:10', '2021-04-05 06:30:10'),
(206, '57', '58', 'no', 'UnderWeight', '2021-04-05 09:13:32', '2021-04-05 09:13:32'),
(207, '57', '58', 'no', 'UnderWeight', '2021-04-05 09:13:32', '2021-04-05 09:13:32'),
(208, '90', '61', 'yes', 'UnderWeight', '2021-04-16 06:11:48', '2021-04-16 06:11:48'),
(209, '87', '58', 'no', 'Obese', '2021-04-29 16:37:25', '2021-04-29 16:37:25'),
(210, '87', '59', 'yes', 'Obese', '2021-04-29 16:37:26', '2021-04-29 16:37:26'),
(211, '87', '60', 'yes', 'Obese', '2021-04-29 16:37:32', '2021-04-29 16:37:32'),
(212, '87', '61', 'no', 'Obese', '2021-04-29 16:37:34', '2021-04-29 16:37:34'),
(213, '87', '62', 'yes', 'Obese', '2021-04-29 16:37:35', '2021-04-29 16:37:35'),
(214, '84', '58', 'yes', 'Obese', '2021-04-30 05:45:00', '2021-04-30 05:45:00'),
(215, '84', '59', 'no', 'Obese', '2021-04-30 05:45:01', '2021-04-30 05:45:01'),
(216, '84', '60', 'yes', 'Obese', '2021-04-30 05:45:03', '2021-04-30 05:45:03'),
(217, '84', '61', 'no', 'Obese', '2021-04-30 05:45:04', '2021-04-30 05:45:04'),
(218, '84', '62', 'yes', 'Obese', '2021-04-30 05:45:06', '2021-04-30 05:45:06'),
(219, '135', '58', 'no', 'Normal', '2021-05-01 06:40:49', '2021-05-01 06:40:49'),
(220, '135', '59', 'no', 'Normal', '2021-05-01 06:40:57', '2021-05-01 06:40:57'),
(221, '135', '60', 'yes', 'Normal', '2021-05-01 06:40:59', '2021-05-01 06:40:59');

-- --------------------------------------------------------

--
-- Table structure for table `products`
--

CREATE TABLE `products` (
  `id` bigint(20) UNSIGNED NOT NULL,
  `categoryId` varchar(255) COLLATE utf8mb4_unicode_ci DEFAULT NULL,
  `subCategoryId` varchar(255) COLLATE utf8mb4_unicode_ci DEFAULT NULL,
  `productName` varchar(255) COLLATE utf8mb4_unicode_ci DEFAULT NULL,
  `productPrice` varchar(255) COLLATE utf8mb4_unicode_ci DEFAULT NULL,
  `productDiscount` varchar(255) COLLATE utf8mb4_unicode_ci DEFAULT NULL,
  `ProductStatus` varchar(255) COLLATE utf8mb4_unicode_ci DEFAULT NULL,
  `productImage` varchar(255) COLLATE utf8mb4_unicode_ci DEFAULT NULL,
  `noOfItem` varchar(255) COLLATE utf8mb4_unicode_ci DEFAULT NULL,
  `quantity` varchar(255) COLLATE utf8mb4_unicode_ci DEFAULT NULL,
  `units` varchar(255) COLLATE utf8mb4_unicode_ci DEFAULT NULL,
  `benefit` longtext COLLATE utf8mb4_unicode_ci DEFAULT NULL,
  `info` longtext COLLATE utf8mb4_unicode_ci DEFAULT NULL,
  `description` longtext COLLATE utf8mb4_unicode_ci DEFAULT NULL,
  `deliveryCharges` varchar(255) COLLATE utf8mb4_unicode_ci DEFAULT NULL,
  `popularity` varchar(255) COLLATE utf8mb4_unicode_ci DEFAULT NULL,
  `created_at` timestamp NULL DEFAULT NULL,
  `updated_at` timestamp NULL DEFAULT NULL
) ENGINE=InnoDB DEFAULT CHARSET=utf8mb4 COLLATE=utf8mb4_unicode_ci;

--
-- Dumping data for table `products`
--

INSERT INTO `products` (`id`, `categoryId`, `subCategoryId`, `productName`, `productPrice`, `productDiscount`, `ProductStatus`, `productImage`, `noOfItem`, `quantity`, `units`, `benefit`, `info`, `description`, `deliveryCharges`, `popularity`, `created_at`, `updated_at`) VALUES
(12, '6', 'NN', 'Zandu Balm', '50', '2', 'In Stock', 'http://tarawithyou.com/productUploads/download (1).jpeg', '10', '100', 'Grams', 'HeadAche\r\nPain', NULL, 'Zandu Realty Limited (formerly Zandu Pharmaceutical Works Limited)[3] is an international pharmaceutical company based in Mumbai, India.[4] Company\'s core business of manufacturing and dealing in ayurvedic and medicinal preparations.', NULL, 'popular', '2021-03-23 12:13:52', '2021-03-23 12:13:52'),
(13, '9', 'cough syrup', 'achyuth', '50', '10', 'In Stock', 'http://tarawithyou.com/productUploads/dgggv-500x500.jpg', '50', '4', 'Kgs', 'bbfjagfhjadsbcmzxzesdrxcftgvbhjnkm,l;./sedrcfgvbhnj km,l.', 'tyghubjnkm,l .p[oijhvbnm,./', 'ghvbntfyghjkml,;./gvhbjnkml,;./', NULL, NULL, '2021-03-24 07:16:52', '2021-03-24 07:16:52'),
(14, '8', 'cough tablets', 'harshith', '40', '10', 'In Stock', 'http://tarawithyou.com/productUploads/Bromhexine.jpg', '40', '5', 'Kgs', 'smndmasbdjasguasgnasbajsgdjasgjasbf', 'mhsmasbdhasduabksfbustsuasnasjkfutf', 'ndsdstyudtjdsnj87jbfjgfkjdskanjsasguautyuagfasghastdyaus', NULL, NULL, '2021-03-24 07:18:47', '2021-03-24 07:18:47');

-- --------------------------------------------------------

--
-- Table structure for table `questionbank`
--

CREATE TABLE `questionbank` (
  `id` bigint(20) UNSIGNED NOT NULL,
  `question` longtext COLLATE utf8mb4_unicode_ci DEFAULT NULL,
  `questionImage` varchar(255) COLLATE utf8mb4_unicode_ci DEFAULT NULL,
  `questionCategory` varchar(255) COLLATE utf8mb4_unicode_ci DEFAULT NULL,
  `created_at` timestamp NULL DEFAULT NULL,
  `updated_at` timestamp NULL DEFAULT NULL
) ENGINE=InnoDB DEFAULT CHARSET=utf8mb4 COLLATE=utf8mb4_unicode_ci;

--
-- Dumping data for table `questionbank`
--

INSERT INTO `questionbank` (`id`, `question`, `questionImage`, `questionCategory`, `created_at`, `updated_at`) VALUES
(58, 'Stand in front of a mirror, and put your arms on your waist, turn your arms inwards , turn around sides and look for any change in your breast and nipples. Observe the shape, color , size and look for any abnormalities on your breast and nipples.', 'http://tarawithyou.com/questionImage/step-1.png', 'Normal', '2021-03-27 11:21:36', '2021-03-27 11:21:36'),
(59, 'Put your hands over your head and observe change like shape ,color, and texture over the are present under your breasts.', 'http://tarawithyou.com/questionImage/step-2.png', 'Normal', '2021-03-27 11:22:02', '2021-03-27 11:22:02'),
(60, 'Squeeze each nipple and see if there is any discharge or pain.', 'http://tarawithyou.com/questionImage/step-3.png', 'Normal', '2021-03-27 11:22:32', '2021-03-27 11:22:32'),
(61, 'Use your Index, Middle, and Ring Finger and start massaging your breasts, gradually keep increasing the pressure in a circular motion and follow a simple U-shaped path starting from Armpit to bra line, breast and collar bone.', 'http://tarawithyou.com/questionImage/step-4.png', 'Normal', '2021-03-27 11:23:01', '2021-03-27 11:23:01'),
(62, 'lay down and relax now place one of your hand under your head and start repeating the massage same as STEP 4 and examine the breasts. Continue this with both of your hands and look out for lumps, swelling, discharge, pain, redness and any changes that you observe during the period.', 'http://tarawithyou.com/questionImage/step-5.png', 'Normal', '2021-03-27 11:24:40', '2021-03-27 11:24:40');

-- --------------------------------------------------------

--
-- Table structure for table `reOrder`
--

CREATE TABLE `reOrder` (
  `id` bigint(20) UNSIGNED NOT NULL,
  `userId` varchar(255) COLLATE utf8mb4_unicode_ci DEFAULT NULL,
  `categoryId` varchar(255) COLLATE utf8mb4_unicode_ci DEFAULT NULL,
  `productId` varchar(255) COLLATE utf8mb4_unicode_ci DEFAULT NULL,
  `noOfItem` varchar(255) COLLATE utf8mb4_unicode_ci DEFAULT NULL,
  `quantity` varchar(255) COLLATE utf8mb4_unicode_ci DEFAULT NULL,
  `type` varchar(255) COLLATE utf8mb4_unicode_ci DEFAULT NULL,
  `created_at` timestamp NULL DEFAULT NULL,
  `updated_at` timestamp NULL DEFAULT NULL
) ENGINE=InnoDB DEFAULT CHARSET=utf8mb4 COLLATE=utf8mb4_unicode_ci;

--
-- Dumping data for table `reOrder`
--

INSERT INTO `reOrder` (`id`, `userId`, `categoryId`, `productId`, `noOfItem`, `quantity`, `type`, `created_at`, `updated_at`) VALUES
(101, '40', '6', '12', '1', '0', 'Re-Ordered', NULL, NULL),
(102, '40', '6', '12', '10', '100', 'Re-Ordered', NULL, NULL),
(103, '40', '6', '12', '10', '100', 'Re-Ordered', NULL, NULL),
(104, '40', '6', '12', '10', '100', 'Re-Ordered', NULL, NULL),
(105, '40', '6', '12', '10', '100', 'Re-Ordered', NULL, NULL),
(106, '40', '6', '12', '10', '100', 'Re-Ordered', NULL, NULL),
(107, '40', '6', '12', '1', '0', 'Re-Ordered', NULL, NULL),
(108, '40', '6', '12', '1', '0', 'Re-Ordered', NULL, NULL),
(109, '40', '6', '12', '10', '100', 'Re-Ordered', NULL, NULL),
(110, '40', '6', '12', '10', '100', 'Re-Ordered', NULL, NULL),
(111, '40', '6', '12', '10', '100', 'Re-Ordered', NULL, NULL),
(112, '40', '6', '12', '10', '100', 'Re-Ordered', NULL, NULL),
(113, '40', '6', '12', '10', '100', 'Re-Ordered', NULL, NULL);

-- --------------------------------------------------------

--
-- Table structure for table `subcategory`
--

CREATE TABLE `subcategory` (
  `id` bigint(20) UNSIGNED NOT NULL,
  `categoryId` varchar(255) COLLATE utf8mb4_unicode_ci DEFAULT NULL,
  `subCategoryName` varchar(255) COLLATE utf8mb4_unicode_ci DEFAULT NULL,
  `addedBy` varchar(255) COLLATE utf8mb4_unicode_ci DEFAULT NULL,
  `created_at` timestamp NULL DEFAULT NULL,
  `updated_at` timestamp NULL DEFAULT NULL
) ENGINE=InnoDB DEFAULT CHARSET=utf8mb4 COLLATE=utf8mb4_unicode_ci;

--
-- Dumping data for table `subcategory`
--

INSERT INTO `subcategory` (`id`, `categoryId`, `subCategoryName`, `addedBy`, `created_at`, `updated_at`) VALUES
(1, NULL, 'Green Veg', NULL, '2021-02-19 09:56:29', '2021-02-19 09:56:29'),
(2, '1', 'Black Veg', NULL, '2021-02-19 10:17:09', '2021-02-19 10:17:09'),
(3, NULL, NULL, '10', '2021-02-22 09:25:33', '2021-02-22 09:25:33'),
(4, '4', 'Dry Fruits', '10', '2021-02-22 09:27:20', '2021-02-22 09:27:20'),
(5, '1', 'Root Veg', '10', '2021-02-22 09:28:16', '2021-02-22 09:28:16');

-- --------------------------------------------------------

--
-- Table structure for table `subscribeemail`
--

CREATE TABLE `subscribeemail` (
  `id` bigint(20) UNSIGNED NOT NULL,
  `userId` varchar(255) COLLATE utf8mb4_unicode_ci DEFAULT NULL,
  `email` varchar(255) COLLATE utf8mb4_unicode_ci DEFAULT NULL,
  `created_at` timestamp NULL DEFAULT NULL,
  `updated_at` timestamp NULL DEFAULT NULL
) ENGINE=InnoDB DEFAULT CHARSET=utf8mb4 COLLATE=utf8mb4_unicode_ci;

--
-- Dumping data for table `subscribeemail`
--

INSERT INTO `subscribeemail` (`id`, `userId`, `email`, `created_at`, `updated_at`) VALUES
(1, '40', 'email@gmail.com', NULL, NULL),
(2, '40', 'email@gmail.com', NULL, NULL),
(3, '40', 'sdvcsfv', NULL, NULL),
(4, '40', 'sfdgb', NULL, NULL),
(5, '40', 'sfdgb', NULL, NULL),
(6, '84', 'bjhm@gmail.com', NULL, NULL),
(7, '84', 'nmhsbgdjyf@gmail.com', NULL, NULL);

-- --------------------------------------------------------

--
-- Table structure for table `users`
--

CREATE TABLE `users` (
  `id` bigint(20) UNSIGNED NOT NULL,
  `name` varchar(255) COLLATE utf8mb4_unicode_ci DEFAULT NULL,
  `email` varchar(255) COLLATE utf8mb4_unicode_ci DEFAULT NULL,
  `mobnumber` varchar(255) COLLATE utf8mb4_unicode_ci DEFAULT NULL,
  `email_verified_at` timestamp NULL DEFAULT NULL,
  `password` varchar(255) COLLATE utf8mb4_unicode_ci NOT NULL,
  `remember_token` varchar(100) COLLATE utf8mb4_unicode_ci DEFAULT NULL,
  `otp` int(111) DEFAULT NULL,
  `dob` varchar(255) COLLATE utf8mb4_unicode_ci DEFAULT NULL,
  `healthStatus` varchar(255) COLLATE utf8mb4_unicode_ci DEFAULT NULL,
  `packageName` varchar(255) COLLATE utf8mb4_unicode_ci NOT NULL DEFAULT 'basic',
  `packageLimit` varchar(255) COLLATE utf8mb4_unicode_ci NOT NULL DEFAULT '5',
  `created_at` timestamp NULL DEFAULT NULL,
  `updated_at` timestamp NULL DEFAULT NULL
) ENGINE=InnoDB DEFAULT CHARSET=utf8mb4 COLLATE=utf8mb4_unicode_ci;

--
-- Dumping data for table `users`
--

INSERT INTO `users` (`id`, `name`, `email`, `mobnumber`, `email_verified_at`, `password`, `remember_token`, `otp`, `dob`, `healthStatus`, `packageName`, `packageLimit`, `created_at`, `updated_at`) VALUES
(10, 'aa', 'aa@gmail.com', NULL, NULL, '$2y$10$DJuyq0fldZJKOBDcF1SOkuKWiJLr8MY8SMKrUa68AX3NCVggsVqVG', NULL, 21265, NULL, 'Obese', 'basic', '5', '2021-02-16 05:35:04', '2021-02-16 05:35:04'),
(40, 'harshith', 'harshith@gmail.com', NULL, NULL, '$2y$10$DRnvEMk497QjUBvakKVSoeRwfxkdQDCYD1t3IaPHQwaFrTjhUIFlK', NULL, 1234, '12/12/2021', 'UnderWeight', 'basic', '5', '2021-02-19 10:03:57', '2021-02-19 10:03:57'),
(84, NULL, NULL, '8008538491', NULL, '$2y$10$kepEvNE.pbTpxzLLH33qlO32j6.hwAQuouT25bwBIS33Hfwl2lxSS', NULL, NULL, NULL, 'Obese', 'basic', '5', NULL, NULL),
(86, NULL, NULL, '8896634355', NULL, '$2y$10$nwVyKy5WaMzcQ4.8WoDvzeVuO31iDLzsALQIrhaCBn07pgI6/cP26', NULL, NULL, NULL, 'Obese', 'basic', '5', NULL, NULL),
(87, NULL, NULL, '7995725852', NULL, '$2y$10$7Z6lt8Oa9bWquW9Q00izlOHr7crWs9jER9ZOXWhTsvWN12HEXtIQq', NULL, NULL, NULL, 'Obese', 'basic', '5', NULL, NULL),
(88, NULL, NULL, '800538491', NULL, '$2y$10$X9zU.QXBzjHT3qDsfCrMVeQt25P.8cVq/8bwuQmqkp8USVRu.xmqG', NULL, NULL, NULL, NULL, 'basic', '5', NULL, NULL),
(89, NULL, NULL, '9948438125', NULL, '$2y$10$lKiCZUym0dDK/Spu6M8IpOMpceQzkIFX3y32VX6g5YlYyHyk059.a', NULL, NULL, NULL, NULL, 'basic', '5', NULL, NULL),
(90, NULL, NULL, '1234567890', NULL, '$2y$10$JWLkCxESooVXYcGNu7p0kOciW8f1Ii/rpJ19xgkyQxDpDn0y1dWi2', NULL, NULL, NULL, 'UnderWeight', 'basic', '5', NULL, NULL),
(91, NULL, NULL, '8106552845', NULL, '$2y$10$hX/g7weYPyiQXhORtO6qdeL7VBcrERw5Mfvry31EsiSf8B9gvD/0G', NULL, NULL, NULL, NULL, 'basic', '5', NULL, NULL),
(92, NULL, NULL, '8896634355', NULL, '$2y$10$nwVyKy5WaMzcQ4.8WoDvzeVuO31iDLzsALQIrhaCBn07pgI6/cP26', NULL, NULL, NULL, NULL, 'basic', '5', NULL, NULL),
(93, NULL, NULL, '8896634355', NULL, '$2y$10$nwVyKy5WaMzcQ4.8WoDvzeVuO31iDLzsALQIrhaCBn07pgI6/cP26', NULL, NULL, NULL, NULL, 'basic', '5', NULL, NULL),
(94, NULL, NULL, '8896634355', NULL, '$2y$10$nwVyKy5WaMzcQ4.8WoDvzeVuO31iDLzsALQIrhaCBn07pgI6/cP26', NULL, NULL, NULL, NULL, 'basic', '5', NULL, NULL),
(95, NULL, NULL, '8896634355', NULL, '$2y$10$nwVyKy5WaMzcQ4.8WoDvzeVuO31iDLzsALQIrhaCBn07pgI6/cP26', NULL, NULL, NULL, NULL, 'basic', '5', NULL, NULL),
(96, NULL, NULL, '8008538491', NULL, '$2y$10$kepEvNE.pbTpxzLLH33qlO32j6.hwAQuouT25bwBIS33Hfwl2lxSS', NULL, NULL, NULL, NULL, 'basic', '5', NULL, NULL),
(97, NULL, NULL, '8074148243', NULL, '$2y$10$A1J914sgMvWqTrs5y8FJ7eUetHF0Zl0gktpHySegBpLge0YbXHFVG', NULL, NULL, NULL, NULL, 'basic', '5', NULL, NULL),
(98, NULL, NULL, '799572585', NULL, '$2y$10$CugbIkV2fBR3NcFiJAw4h.G3rHJWIJ5C9C0dt7WQIMXKc3PQkjny2', NULL, NULL, NULL, NULL, 'basic', '5', NULL, NULL),
(110, NULL, NULL, '9705141270', NULL, '$2y$10$i9Bxyb1u/2q9kTusxBGOJOmr1bYEuBWPcIEoFSPwrbuYBoXkyzx/a', NULL, NULL, NULL, 'Obese', 'basic', '5', NULL, NULL),
(121, 'Admin', 'adminn@gmail.ciom', NULL, NULL, '$2y$10$ZlsDn9vVAL4WV650BXyCVeuIxNvnDnLil53dmgNAKGXEvHm7zBEz2', NULL, NULL, NULL, NULL, 'basic', '5', '2021-04-15 13:48:49', '2021-04-15 13:48:49'),
(124, 'dmvb@Edasc ', 'dasmc v', NULL, NULL, '$2y$10$0ubrAj2QBdcOtgY4NkVD2OziNXXTkPleXjm1VwCBMFBui0/KErhpS', NULL, NULL, NULL, NULL, 'basic', '5', '2021-04-15 13:51:17', '2021-04-15 13:51:17'),
(125, 's,dmhfb', 'fdkf@Ekfe', NULL, NULL, '$2y$10$NzcJTduGlNDzBT4z5YId6.sjAHptAnz2UpUtaPCnN5hIePY8WqY4O', NULL, NULL, NULL, NULL, 'basic', '5', '2021-04-15 16:28:12', '2021-04-15 16:28:12'),
(126, NULL, '', NULL, NULL, '$2y$10$DykX.8ukT0/1R.d1pL1SmeN/lolxa7DZtPKi9Il/SBmlHgBP8PMf2', NULL, NULL, NULL, NULL, 'basic', '5', '2021-04-15 17:11:33', '2021-04-15 17:11:33'),
(127, 'sdfl', 'cmbh@vcm nb', NULL, NULL, '$2y$10$.MISqGTp.j0FTIJXcPsvre3YP9kjjGLyH0DLt8gpVUa6IZkbkjMya', NULL, NULL, NULL, NULL, 'basic', '5', '2021-04-15 17:26:08', '2021-04-15 17:26:08'),
(129, 'pavan', 'pavan@gmail.com', NULL, NULL, '$2y$10$X4pFGOTE/kIRxQsV2jsL2Ovb/6/Kquo9tN9M/cS6rjZAb6UoGBiei', NULL, NULL, NULL, NULL, 'basic', '5', '2021-04-22 12:02:15', '2021-04-22 12:02:15'),
(130, NULL, NULL, '9545724059', NULL, '$2y$10$Jvbc2OYKCz14t.u3vVSis.6yFhWj92G6/JuLQI440bkryvbFEmi6u', NULL, NULL, NULL, NULL, 'basic', '5', NULL, NULL),
(131, NULL, NULL, '6302290730', NULL, '$2y$10$VMTkFFIBv9t78ZW8Q2DHouPLDROEa0A6MGqpt1sKVwOh2h7kzwLwq', NULL, NULL, NULL, NULL, 'basic', '5', NULL, NULL),
(132, NULL, NULL, '9666004826', NULL, '$2y$10$fyp0k5RHyn5oFdMk1LhmNOoIMFxsbowlMco8BWowLmDd5FgxQlzC2', NULL, NULL, NULL, 'Obese', 'basic', '5', NULL, NULL),
(133, NULL, NULL, '9032751356', NULL, '$2y$10$nl71pgnDziy2w8C6ZWyv0./Xoq17iJzE2TGRxiO.BZHVR2pJ5GKzu', NULL, NULL, NULL, NULL, 'basic', '5', NULL, NULL),
(134, NULL, NULL, '9390058826', NULL, '$2y$10$Cw/4PP9.xhY8s4REQ1GBA.9NjwqAZ82wVh2ItcRS/1qqzIdt6cs6e', NULL, NULL, NULL, 'Obese', 'basic', '5', NULL, NULL),
(135, NULL, NULL, '9502469564', NULL, '$2y$10$sHBqN.9zJeNF9Si3WCtG7usZQ5VGrcfNUNyI812wpT.4URmhzye7y', NULL, NULL, NULL, 'Normal', 'basic', '5', NULL, NULL),
(136, NULL, NULL, '8896634385', NULL, '$2y$10$rSl/LPbfS83IDZ/BTejnA.f3ZIZZ4zLfz0xHzrH60Q4kRwI4wBycO', NULL, NULL, NULL, NULL, 'basic', '5', NULL, NULL);

--
-- Indexes for dumped tables
--

--
-- Indexes for table `addblog`
--
ALTER TABLE `addblog`
  ADD PRIMARY KEY (`id`);

--
-- Indexes for table `addcart`
--
ALTER TABLE `addcart`
  ADD PRIMARY KEY (`id`);

--
-- Indexes for table `addfaq`
--
ALTER TABLE `addfaq`
  ADD PRIMARY KEY (`id`);

--
-- Indexes for table `aianswer`
--
ALTER TABLE `aianswer`
  ADD PRIMARY KEY (`id`);

--
-- Indexes for table `aiquestion`
--
ALTER TABLE `aiquestion`
  ADD PRIMARY KEY (`id`);

--
-- Indexes for table `blogimage`
--
ALTER TABLE `blogimage`
  ADD PRIMARY KEY (`id`);

--
-- Indexes for table `bmi`
--
ALTER TABLE `bmi`
  ADD PRIMARY KEY (`id`);

--
-- Indexes for table `bookappoinment`
--
ALTER TABLE `bookappoinment`
  ADD PRIMARY KEY (`id`);

--
-- Indexes for table `calenderevent`
--
ALTER TABLE `calenderevent`
  ADD PRIMARY KEY (`id`);

--
-- Indexes for table `category`
--
ALTER TABLE `category`
  ADD PRIMARY KEY (`id`);

--
-- Indexes for table `doctorCategory`
--
ALTER TABLE `doctorCategory`
  ADD PRIMARY KEY (`id`);

--
-- Indexes for table `doctordetail`
--
ALTER TABLE `doctordetail`
  ADD PRIMARY KEY (`id`);

--
-- Indexes for table `failed_jobs`
--
ALTER TABLE `failed_jobs`
  ADD PRIMARY KEY (`id`);

--
-- Indexes for table `filtertype`
--
ALTER TABLE `filtertype`
  ADD PRIMARY KEY (`id`);

--
-- Indexes for table `getchatbot`
--
ALTER TABLE `getchatbot`
  ADD PRIMARY KEY (`id`);

--
-- Indexes for table `leavemessage`
--
ALTER TABLE `leavemessage`
  ADD PRIMARY KEY (`id`);

--
-- Indexes for table `migrations`
--
ALTER TABLE `migrations`
  ADD PRIMARY KEY (`id`);

--
-- Indexes for table `oauth_access_tokens`
--
ALTER TABLE `oauth_access_tokens`
  ADD PRIMARY KEY (`id`),
  ADD KEY `oauth_access_tokens_user_id_index` (`user_id`);

--
-- Indexes for table `oauth_auth_codes`
--
ALTER TABLE `oauth_auth_codes`
  ADD PRIMARY KEY (`id`),
  ADD KEY `oauth_auth_codes_user_id_index` (`user_id`);

--
-- Indexes for table `oauth_clients`
--
ALTER TABLE `oauth_clients`
  ADD PRIMARY KEY (`id`),
  ADD KEY `oauth_clients_user_id_index` (`user_id`);

--
-- Indexes for table `oauth_personal_access_clients`
--
ALTER TABLE `oauth_personal_access_clients`
  ADD PRIMARY KEY (`id`);

--
-- Indexes for table `oauth_refresh_tokens`
--
ALTER TABLE `oauth_refresh_tokens`
  ADD PRIMARY KEY (`id`),
  ADD KEY `oauth_refresh_tokens_access_token_id_index` (`access_token_id`);

--
-- Indexes for table `orders`
--
ALTER TABLE `orders`
  ADD PRIMARY KEY (`id`);

--
-- Indexes for table `packagemanage`
--
ALTER TABLE `packagemanage`
  ADD PRIMARY KEY (`id`);

--
-- Indexes for table `password_resets`
--
ALTER TABLE `password_resets`
  ADD KEY `password_resets_email_index` (`email`);

--
-- Indexes for table `postquestion`
--
ALTER TABLE `postquestion`
  ADD PRIMARY KEY (`id`);

--
-- Indexes for table `products`
--
ALTER TABLE `products`
  ADD PRIMARY KEY (`id`);

--
-- Indexes for table `questionbank`
--
ALTER TABLE `questionbank`
  ADD PRIMARY KEY (`id`);

--
-- Indexes for table `reOrder`
--
ALTER TABLE `reOrder`
  ADD PRIMARY KEY (`id`);

--
-- Indexes for table `subcategory`
--
ALTER TABLE `subcategory`
  ADD PRIMARY KEY (`id`);

--
-- Indexes for table `subscribeemail`
--
ALTER TABLE `subscribeemail`
  ADD PRIMARY KEY (`id`);

--
-- Indexes for table `users`
--
ALTER TABLE `users`
  ADD PRIMARY KEY (`id`),
  ADD UNIQUE KEY `users_email_unique` (`email`);

--
-- AUTO_INCREMENT for dumped tables
--

--
-- AUTO_INCREMENT for table `addblog`
--
ALTER TABLE `addblog`
  MODIFY `id` bigint(20) UNSIGNED NOT NULL AUTO_INCREMENT, AUTO_INCREMENT=4;

--
-- AUTO_INCREMENT for table `addcart`
--
ALTER TABLE `addcart`
  MODIFY `id` bigint(20) UNSIGNED NOT NULL AUTO_INCREMENT, AUTO_INCREMENT=158;

--
-- AUTO_INCREMENT for table `addfaq`
--
ALTER TABLE `addfaq`
  MODIFY `id` bigint(20) UNSIGNED NOT NULL AUTO_INCREMENT, AUTO_INCREMENT=3;

--
-- AUTO_INCREMENT for table `aianswer`
--
ALTER TABLE `aianswer`
  MODIFY `id` bigint(20) UNSIGNED NOT NULL AUTO_INCREMENT, AUTO_INCREMENT=6;

--
-- AUTO_INCREMENT for table `aiquestion`
--
ALTER TABLE `aiquestion`
  MODIFY `id` bigint(20) UNSIGNED NOT NULL AUTO_INCREMENT, AUTO_INCREMENT=12;

--
-- AUTO_INCREMENT for table `blogimage`
--
ALTER TABLE `blogimage`
  MODIFY `id` int(11) NOT NULL AUTO_INCREMENT, AUTO_INCREMENT=3;

--
-- AUTO_INCREMENT for table `bmi`
--
ALTER TABLE `bmi`
  MODIFY `id` bigint(20) UNSIGNED NOT NULL AUTO_INCREMENT, AUTO_INCREMENT=125;

--
-- AUTO_INCREMENT for table `bookappoinment`
--
ALTER TABLE `bookappoinment`
  MODIFY `id` bigint(20) UNSIGNED NOT NULL AUTO_INCREMENT, AUTO_INCREMENT=66;

--
-- AUTO_INCREMENT for table `calenderevent`
--
ALTER TABLE `calenderevent`
  MODIFY `id` bigint(20) UNSIGNED NOT NULL AUTO_INCREMENT, AUTO_INCREMENT=34;

--
-- AUTO_INCREMENT for table `category`
--
ALTER TABLE `category`
  MODIFY `id` bigint(20) UNSIGNED NOT NULL AUTO_INCREMENT, AUTO_INCREMENT=10;

--
-- AUTO_INCREMENT for table `doctorCategory`
--
ALTER TABLE `doctorCategory`
  MODIFY `id` int(11) NOT NULL AUTO_INCREMENT, AUTO_INCREMENT=7;

--
-- AUTO_INCREMENT for table `doctordetail`
--
ALTER TABLE `doctordetail`
  MODIFY `id` bigint(20) UNSIGNED NOT NULL AUTO_INCREMENT, AUTO_INCREMENT=10;

--
-- AUTO_INCREMENT for table `failed_jobs`
--
ALTER TABLE `failed_jobs`
  MODIFY `id` bigint(20) UNSIGNED NOT NULL AUTO_INCREMENT;

--
-- AUTO_INCREMENT for table `filtertype`
--
ALTER TABLE `filtertype`
  MODIFY `id` bigint(20) UNSIGNED NOT NULL AUTO_INCREMENT, AUTO_INCREMENT=5;

--
-- AUTO_INCREMENT for table `getchatbot`
--
ALTER TABLE `getchatbot`
  MODIFY `id` bigint(20) UNSIGNED NOT NULL AUTO_INCREMENT, AUTO_INCREMENT=114;

--
-- AUTO_INCREMENT for table `leavemessage`
--
ALTER TABLE `leavemessage`
  MODIFY `id` bigint(20) UNSIGNED NOT NULL AUTO_INCREMENT, AUTO_INCREMENT=5;

--
-- AUTO_INCREMENT for table `migrations`
--
ALTER TABLE `migrations`
  MODIFY `id` int(10) UNSIGNED NOT NULL AUTO_INCREMENT, AUTO_INCREMENT=9;

--
-- AUTO_INCREMENT for table `oauth_clients`
--
ALTER TABLE `oauth_clients`
  MODIFY `id` bigint(20) UNSIGNED NOT NULL AUTO_INCREMENT, AUTO_INCREMENT=3;

--
-- AUTO_INCREMENT for table `oauth_personal_access_clients`
--
ALTER TABLE `oauth_personal_access_clients`
  MODIFY `id` bigint(20) UNSIGNED NOT NULL AUTO_INCREMENT, AUTO_INCREMENT=2;

--
-- AUTO_INCREMENT for table `orders`
--
ALTER TABLE `orders`
  MODIFY `id` bigint(20) UNSIGNED NOT NULL AUTO_INCREMENT, AUTO_INCREMENT=79;

--
-- AUTO_INCREMENT for table `packagemanage`
--
ALTER TABLE `packagemanage`
  MODIFY `id` bigint(20) UNSIGNED NOT NULL AUTO_INCREMENT, AUTO_INCREMENT=6;

--
-- AUTO_INCREMENT for table `postquestion`
--
ALTER TABLE `postquestion`
  MODIFY `id` bigint(20) UNSIGNED NOT NULL AUTO_INCREMENT, AUTO_INCREMENT=222;

--
-- AUTO_INCREMENT for table `products`
--
ALTER TABLE `products`
  MODIFY `id` bigint(20) UNSIGNED NOT NULL AUTO_INCREMENT, AUTO_INCREMENT=15;

--
-- AUTO_INCREMENT for table `questionbank`
--
ALTER TABLE `questionbank`
  MODIFY `id` bigint(20) UNSIGNED NOT NULL AUTO_INCREMENT, AUTO_INCREMENT=63;

--
-- AUTO_INCREMENT for table `reOrder`
--
ALTER TABLE `reOrder`
  MODIFY `id` bigint(20) UNSIGNED NOT NULL AUTO_INCREMENT, AUTO_INCREMENT=114;

--
-- AUTO_INCREMENT for table `subcategory`
--
ALTER TABLE `subcategory`
  MODIFY `id` bigint(20) UNSIGNED NOT NULL AUTO_INCREMENT, AUTO_INCREMENT=6;

--
-- AUTO_INCREMENT for table `subscribeemail`
--
ALTER TABLE `subscribeemail`
  MODIFY `id` bigint(20) UNSIGNED NOT NULL AUTO_INCREMENT, AUTO_INCREMENT=8;

--
-- AUTO_INCREMENT for table `users`
--
ALTER TABLE `users`
  MODIFY `id` bigint(20) UNSIGNED NOT NULL AUTO_INCREMENT, AUTO_INCREMENT=137;
COMMIT;

/*!40101 SET CHARACTER_SET_CLIENT=@OLD_CHARACTER_SET_CLIENT */;
/*!40101 SET CHARACTER_SET_RESULTS=@OLD_CHARACTER_SET_RESULTS */;
/*!40101 SET COLLATION_CONNECTION=@OLD_COLLATION_CONNECTION */;
